Step,Time (s),C8H20O4SI (mol/cm3),Err,C6H16O4SI (mol/cm3),Err,C4H12O4SI (mol/cm3),Err,C2H8O4SI (mol/cm3),Err,H4O4SI (mol/cm3),Err,C6H16O4SI2 (mol/cm3),Err,C4H12O4SI2 (mol/cm3),Err,C2H8O4SI2 (mol/cm3),Err,H2 (mol/cm3),Err,H2O (mol/cm3),Err,H (mol/cm3),Err,CH4 (mol/cm3),Err,CH3 (mol/cm3),Err,CH2 (mol/cm3),Err,CH (mol/cm3),Err,CO (mol/cm3),Err,C2H (mol/cm3),Err,C2H2 (mol/cm3),Err,C2H3 (mol/cm3),Err,C2H4 (mol/cm3),Err,C2H5OH (mol/cm3),Err,C2H5 (mol/cm3),Err,H2CCCH (mol/cm3),Err,C3H2 (mol/cm3),Err,CH2(S) (mol/cm3),Err,C3H6 (mol/cm3),Err,AC3H5 (mol/cm3),Err,PC3H5 (mol/cm3),Err,N2 (mol/cm3),Err,T (K),Err,Density (mol/cm3),Err,Pressure (Pa),Err
0,0,2.59731e-10,0,0,0,0,0,0,0,0,0,0,0,0,0,0,0,0,0,0,0,0,0,0,0,0,0,0,0,0,0,0,0,0,0,0,0,0,0,0,0,0,0,0,0,0,0,0,0,0,0,0,0,0,0,0,0,1.0389e-05,0,1173,0,1.03892e-05,0,101325,0
1,0.0015,5.46406e-11,0,7.50367e-11,0,1.66278e-11,0,1.48421e-12,0,2.1708e-13,0,8.63175e-11,0,2.29338e-11,0,2.46248e-12,0,2.44217e-15,0,2.35636e-15,0,3.8472e-19,0,9.21255e-28,0,1.84555e-27,0,1.6868e-27,0,9.17748e-28,0,0,0,6.77204e-27,0,2.44236e-15,0,7.8775e-21,0,2.53202e-10,0,3.11246e-27,0,5.26314e-22,0,2.0376e-33,0,5.37644e-32,0,1.48379e-29,0,1.1321e-31,0,1.43972e-28,0,4.79581e-39,0,1.03887e-05,0,1173,0,1.03892e-05,0,101325,0
2,0.003,1.15341e-11,0,6.84144e-11,0,3.64184e-11,0,7.1921e-12,0,1.74798e-12,0,7.45601e-11,0,4.78508e-11,0,1.14242e-11,0,7.77905e-15,0,3.08444e-13,0,1.23387e-18,0,9.52259e-27,0,1.89208e-26,0,1.46397e-26,0,9.40565e-27,0,0,0,4.64147e-26,0,7.77966e-15,0,1.58106e-20,0,3.76664e-10,0,1.57505e-24,0,2.51389e-21,0,1.23542e-31,0,3.72109e-30,0,1.28759e-28,0,3.70232e-30,0,4.15328e-27,0,3.43064e-37,0,1.03886e-05,0,1173,0,1.03892e-05,0,101325,0
3,0.0045,2.43883e-12,0,5.13317e-11,0,4.75328e-11,0,1.53122e-11,0,3.21376e-12,0,5.25703e-11,0,5.92963e-11,0,2.32458e-11,0,1.48301e-14,0,3.49444e-12,0,2.35511e-18,0,3.50621e-26,0,6.89234e-26,0,4.37602e-26,0,3.42346e-26,0,0,0,1.41329e-25,0,1.48313e-14,0,2.61285e-20,0,4.65185e-10,0,3.84056e-23,0,5.9279e-21,0,1.12743e-30,0,3.98022e-29,0,3.84838e-28,0,2.56943e-29,0,2.4783e-26,0,3.78556e-36,0,1.03885e-05,0,1173,0,1.03892e-05,0,101325,0
4,0.006,5.1607e-13,0,3.67233e-11,0,5.12206e-11,0,2.36394e-11,0,4.03409e-12,0,3.5179e-11,0,6.05538e-11,0,3.42669e-11,0,2.32279e-14,0,1.40845e-11,0,3.68865e-18,0,8.71484e-26,0,1.69165e-25,0,8.73681e-26,0,8.39092e-26,0,0,0,3.12999e-25,0,2.32297e-14,0,3.94131e-20,0,5.39621e-10,0,2.73683e-22,0,1.07718e-20,0,4.94337e-30,0,2.06487e-28,0,7.68266e-28,0,9.86805e-29,0,8.1043e-26,0,2.01864e-35,0,1.03884e-05,0,1173,0,1.03892e-05,0,101325,0
5,0.0075,1.09237e-13,0,2.59185e-11,0,5.01578e-11,0,3.08354e-11,0,4.47882e-12,0,2.31715e-11,0,5.61447e-11,0,4.26617e-11,0,3.27886e-14,0,3.35018e-11,0,5.20476e-18,0,1.76108e-25,0,3.37038e-25,0,1.42115e-25,0,1.66837e-25,0,0,0,5.8516e-25,0,3.27912e-14,0,5.5799e-20,0,6.05021e-10,0,1.03119e-21,0,1.70429e-20,0,1.47714e-29,0,7.30043e-28,0,1.24958e-27,0,2.77253e-28,0,1.9371e-25,0,7.30623e-35,0,1.03884e-05,0,1173,0,1.03892e-05,0,101325,0
6,0.009,2.31266e-14,0,1.82194e-11,0,4.64441e-11,0,3.63045e-11,0,4.78307e-12,0,1.51862e-11,0,4.92074e-11,0,4.7935e-11,0,4.33769e-14,0,6.0038e-11,0,6.88174e-18,0,3.12892e-25,0,5.89637e-25,0,2.0515e-25,0,2.91064e-25,0,0,0,9.84538e-25,0,4.33803e-14,0,7.52199e-20,0,6.62961e-10,0,2.69165e-21,0,2.46937e-20,0,3.49742e-29,0,2.03364e-27,0,1.8037e-27,0,6.41036e-28,0,3.82765e-25,0,2.07593e-34,0,1.03883e-05,0,1173,0,1.03892e-05,0,101325,0
7,0.0105,4.89659e-15,0,1.27919e-11,0,4.14766e-11,0,3.99209e-11,0,4.86212e-12,0,9.9368e-12,0,4.15936e-11,0,5.03082e-11,0,5.48755e-14,0,9.14215e-11,0,8.70095e-18,0,5.08853e-25,0,9.43224e-25,0,2.74555e-25,0,4.63929e-25,0,0,0,1.54091e-24,0,5.48798e-14,0,9.74944e-20,0,7.1422e-10,0,5.5959e-21,0,3.3637e-20,0,7.09486e-29,0,4.81067e-27,0,2.41376e-27,0,1.29598e-27,0,6.66416e-25,0,4.99431e-34,0,1.03882e-05,0,1173,0,1.03892e-05,0,101325,0
8,0.012,1.0368e-15,0,8.97796e-12,0,3.61225e-11,0,4.18193e-11,0,4.871e-12,0,6.49857e-12,0,3.42921e-11,0,5.03098e-11,0,6.71781e-14,0,1.25475e-10,0,1.06456e-17,0,7.75538e-25,0,1.41283e-24,0,3.49122e-25,0,6.91788e-25,0,0,0,2.28695e-24,0,6.71834e-14,0,1.22372e-19,0,7.59384e-10,0,1.00078e-20,0,4.37589e-20,0,1.29031e-28,0,1.00964e-26,0,3.06915e-27,0,2.37402e-27,0,1.06093e-24,0,1.06374e-33,0,1.03882e-05,0,1173,0,1.03892e-05,0,101325,0
9,0.0135,2.19531e-16,0,6.30048e-12,0,3.08892e-11,0,4.22571e-11,0,4.86021e-12,0,4.24929e-12,0,2.7767e-11,0,4.8544e-11,0,8.01878e-14,0,1.60299e-10,0,1.27006e-17,0,1.12452e-24,0,2.01201e-24,0,4.28045e-25,0,9.79816e-25,0,0,0,3.25792e-24,0,8.01941e-14,0,1.49566e-19,0,7.98994e-10,0,1.60849e-20,0,5.49303e-20,0,2.16426e-28,0,1.93327e-26,0,3.76277e-27,0,4.03143e-27,0,1.58068e-24,0,2.06402e-33,0,1.03881e-05,0,1173,0,1.03892e-05,0,101325,0
10,0.015,4.64829e-17,0,4.42136e-12,0,2.60512e-11,0,4.15317e-11,0,4.82207e-12,0,2.77837e-12,0,2.21814e-11,0,4.55738e-11,0,9.38165e-14,0,1.94313e-10,0,1.4852e-17,0,1.56725e-24,0,2.75271e-24,0,5.1072e-25,0,1.33189e-24,0,0,0,4.49139e-24,0,9.38238e-14,0,1.78773e-19,0,8.33569e-10,0,2.38949e-20,0,6.70164e-20,0,3.4114e-28,0,3.44205e-26,0,4.48935e-27,0,6.44623e-27,0,2.23825e-24,0,3.72025e-33,0,1.03881e-05,0,1173,0,1.03892e-05,0,101325,0
11,0.0165,9.84205e-18,0,3.10265e-12,0,2.17357e-11,0,3.99339e-11,0,4.49207e-12,0,1.81659e-12,0,1.75358e-11,0,4.18723e-11,0,1.07984e-13,0,2.27037e-10,0,1.70875e-17,0,2.11497e-24,0,3.64527e-24,0,5.96654e-25,0,1.75054e-24,0,0,0,6.02684e-24,0,1.07993e-13,0,2.09696e-19,0,8.63613e-10,0,3.34229e-20,0,7.98842e-20,0,5.11915e-28,0,5.77583e-26,0,5.24453e-27,0,9.81506e-27,0,3.04446e-24,0,6.31629e-33,0,1.0388e-05,0,1173,0,1.03892e-05,0,101325,0
12,0.018,2.08388e-18,0,2.17725e-12,0,1.79805e-11,0,3.77239e-11,0,4.333e-12,0,1.18774e-12,0,1.37498e-11,0,3.78099e-11,0,1.2262e-13,0,2.55581e-10,0,1.9396e-17,0,2.77864e-24,0,4.69847e-24,0,6.85418e-25,0,2.23694e-24,0,0,0,7.90533e-24,0,1.2263e-13,0,2.42053e-19,0,8.89612e-10,0,4.45371e-20,0,9.34077e-20,0,7.38167e-28,0,9.22633e-26,0,6.02457e-27,0,1.43498e-26,0,4.00854e-24,0,1.02062e-32,0,1.0388e-05,0,1173,0,1.03892e-05,0,101325,0
13,0.0195,4.41222e-19,0,1.52786e-12,0,1.47715e-11,0,3.51217e-11,0,3.97992e-12,0,7.76575e-13,0,1.07107e-11,0,3.36608e-11,0,1.37661e-13,0,2.82052e-10,0,2.17676e-17,0,3.56888e-24,0,5.91965e-24,0,7.7664e-25,0,2.79098e-24,0,0,0,1.01692e-23,0,1.37672e-13,0,2.75584e-19,0,9.12023e-10,0,5.70467e-20,0,1.07471e-19,0,1.02993e-27,0,1.41376e-25,0,6.82618e-27,0,2.02743e-26,0,5.13817e-24,0,1.58196e-32,0,1.03879e-05,0,1173,0,1.03892e-05,0,101325,0
14,0.021,9.34221e-20,0,1.07216e-12,0,1.20664e-11,0,3.23046e-11,0,3.92382e-12,0,5.07745e-13,0,8.29901e-12,0,2.96162e-11,0,1.5305e-13,0,3.06651e-10,0,2.41937e-17,0,4.49594e-24,0,7.31481e-24,0,8.69989e-25,0,3.41133e-24,0,0,0,1.28616e-23,0,1.53062e-13,0,3.10058e-19,0,9.31273e-10,0,7.08479e-20,0,1.21972e-19,0,1.39783e-27,0,2.09047e-25,0,7.64648e-27,0,2.78213e-26,0,6.43969e-24,0,2.36659e-32,0,1.03879e-05,0,1173,0,1.03892e-05,0,101325,0
15,0.0225,1.97823e-20,0,7.52377e-13,0,9.81035e-12,0,2.94107e-11,0,3.36054e-12,0,3.31977e-13,0,6.40232e-12,0,2.58011e-11,0,1.68738e-13,0,3.30118e-10,0,2.66665e-17,0,5.56975e-24,0,8.88884e-24,0,9.65178e-25,0,4.09556e-24,0,0,0,1.60265e-23,0,1.68751e-13,0,3.45275e-19,0,9.47756e-10,0,8.58134e-20,0,1.36819e-19,0,1.85305e-27,0,2.9971e-25,0,8.48294e-27,0,3.72297e-26,0,7.91822e-24,0,3.43376e-32,0,1.03879e-05,0,1173,0,1.03892e-05,0,101325,0
16,0.024,4.1902e-21,0,5.27972e-13,0,7.94466e-12,0,2.65432e-11,0,3.1719e-12,0,2.17055e-13,0,4.9213e-12,0,2.22896e-11,0,1.84681e-13,0,3.52295e-10,0,2.91794e-17,0,6.79984e-24,0,1.06456e-23,0,1.06195e-24,0,4.84024e-24,0,0,0,1.97082e-23,0,1.84696e-13,0,3.81063e-19,0,9.61828e-10,0,1.01844e-19,0,1.51936e-19,0,2.4073e-27,0,4.18241e-25,0,9.33335e-27,0,4.87424e-26,0,9.57785e-24,0,4.85133e-32,0,1.03879e-05,0,1173,0,1.03892e-05,0,101325,0
17,0.0255,8.8846e-22,0,3.70499e-13,0,6.41235e-12,0,2.37757e-11,0,2.96176e-12,0,1.41917e-13,0,3.77152e-12,0,1.91182e-11,0,2.00844e-13,0,3.72093e-10,0,3.17266e-17,0,8.19547e-24,0,1.25881e-23,0,1.1601e-24,0,5.64112e-24,0,0,0,2.39511e-23,0,2.0086e-13,0,4.17278e-19,0,9.7381e-10,0,1.18804e-19,0,1.67259e-19,0,3.07288e-27,0,5.69903e-25,0,1.01958e-26,0,6.26045e-26,0,1.14218e-23,0,6.69589e-32,0,1.03878e-05,0,1173,0,1.03892e-05,0,101325,0
18,0.027,1.89032e-22,0,2.59996e-13,0,5.16092e-12,0,2.11583e-11,0,2.75507e-12,0,9.27903e-14,0,2.88309e-12,0,1.62967e-11,0,2.17192e-13,0,3.90408e-10,0,3.4303e-17,0,9.76556e-24,0,1.47188e-23,0,1.25943e-24,0,6.49323e-24,0,0,0,2.87998e-23,0,2.17209e-13,0,4.53801e-19,0,9.83989e-10,0,1.36542e-19,0,1.82732e-19,0,3.86263e-27,0,7.60289e-25,0,1.10686e-26,0,7.90617e-26,0,1.34525e-23,0,9.05302e-32,0,1.03878e-05,0,1173,0,1.03892e-05,0,101325,0
19,0.0285,4.06841e-23,0,1.82457e-13,0,4.14371e-12,0,1.8722e-11,0,2.52482e-12,0,6.06725e-14,0,2.19931e-12,0,1.3817e-11,0,2.33699e-13,0,4.07527e-10,0,3.69042e-17,0,1.15188e-23,0,1.70394e-23,0,1.35977e-24,0,7.39101e-24,0,0,0,3.42988e-23,0,2.33717e-13,0,4.90539e-19,0,9.92618e-10,0,1.5494e-19,0,1.98314e-19,0,4.79004e-27,0,9.95258e-25,0,1.19503e-26,0,9.83598e-26,0,1.56719e-23,0,1.20174e-31,0,1.03878e-05,0,1173,0,1.03892e-05,0,101325,0
20,0.03,9.06824e-24,0,1.28045e-13,0,3.32008e-12,0,1.64836e-11,0,2.45337e-12,0,3.96727e-14,0,1.6747e-12,0,1.16598e-11,0,2.5034e-13,0,4.23051e-10,0,3.95265e-17,0,1.34637e-23,0,1.95511e-23,0,1.46098e-24,0,8.32848e-24,0,0,0,4.04921e-23,0,2.5036e-13,0,5.27414e-19,0,9.99918e-10,0,1.73889e-19,0,2.13969e-19,0,5.86917e-27,0,1.28084e-24,0,1.28397e-26,0,1.20742e-25,0,1.80813e-23,0,1.56925e-31,0,1.03878e-05,0,1173,0,1.03892e-05,0,101325,0
21,0.0315,2.24686e-24,0,8.98878e-14,0,2.6557e-12,0,1.44492e-11,0,2.08161e-12,0,2.59529e-14,0,1.27352e-12,0,9.79942e-12,0,2.67095e-13,0,4.37903e-10,0,4.21668e-17,0,1.56088e-23,0,2.22553e-23,0,1.56295e-24,0,9.29942e-24,0,0,0,4.74252e-23,0,2.67116e-13,0,5.64367e-19,0,1.00608e-09,0,1.93287e-19,0,2.2967e-19,0,7.1152e-27,0,1.62332e-24,0,1.37358e-26,0,1.4646e-25,0,2.06821e-23,0,2.01933e-31,0,1.03878e-05,0,1173,0,1.03892e-05,0,101325,0
22,0.033,7.03422e-25,0,6.31279e-14,0,2.12132e-12,0,1.2617e-11,0,1.95125e-12,0,1.69881e-14,0,9.67432e-13,0,8.20679e-12,0,2.83947e-13,0,4.50758e-10,0,4.48223e-17,0,1.79626e-23,0,2.51528e-23,0,1.66557e-24,0,1.02973e-23,0,0,0,5.51424e-23,0,2.83969e-13,0,6.01352e-19,0,1.01128e-09,0,2.13033e-19,0,2.45395e-19,0,8.54384e-27,0,2.02897e-24,0,1.46375e-26,0,1.75758e-25,0,2.34752e-23,0,2.56434e-31,0,1.03878e-05,0,1173,0,1.03892e-05,0,101325,0
23,0.0345,3.06828e-25,0,4.43363e-14,0,1.69222e-12,0,1.09788e-11,0,1.77218e-12,0,1.11206e-14,0,7.34119e-13,0,6.851e-12,0,3.0088e-13,0,4.61864e-10,0,4.74906e-17,0,2.05323e-23,0,2.82433e-23,0,1.76874e-24,0,1.13156e-23,0,0,0,6.3684e-23,0,3.00904e-13,0,6.38338e-19,0,1.01565e-09,0,2.32993e-19,0,2.61129e-19,0,1.01708e-26,0,2.50376e-24,0,1.55441e-26,0,2.08865e-25,0,2.64604e-23,0,3.21716e-31,0,1.03877e-05,0,1173,0,1.03892e-05,0,101325,0
24,0.036,1.7565e-25,0,3.11384e-14,0,1.34834e-12,0,9.52351e-12,0,1.61761e-12,0,7.27966e-15,0,5.56548e-13,0,5.70286e-12,0,3.17882e-13,0,4.7188e-10,0,5.01697e-17,0,2.33255e-23,0,3.1527e-23,0,1.87239e-24,0,1.23477e-23,0,0,0,7.3092e-23,0,3.17907e-13,0,6.75298e-19,0,1.01933e-09,0,2.53058e-19,0,2.7686e-19,0,1.20132e-26,0,3.05368e-24,0,1.6455e-26,0,2.46013e-25,0,2.96379e-23,0,3.99175e-31,0,1.03877e-05,0,1173,0,1.03892e-05,0,101325,0
25,0.0375,1.15044e-25,0,2.18693e-14,0,1.07323e-12,0,8.238e-12,0,1.53736e-12,0,4.76534e-15,0,4.21587e-13,0,4.73502e-12,0,3.34942e-13,0,4.80615e-10,0,5.28578e-17,0,2.63501e-23,0,3.50039e-23,0,1.97646e-24,0,1.33872e-23,0,0,0,8.34079e-23,0,3.34968e-13,0,7.12218e-19,0,1.02242e-09,0,2.73151e-19,0,2.9258e-19,0,1.40889e-26,0,3.6846e-24,0,1.73695e-26,0,2.87437e-25,0,3.30078e-23,0,4.90307e-31,0,1.03877e-05,0,1173,0,1.03892e-05,0,101325,0
26,0.039,7.91562e-26,0,1.53593e-14,0,8.53496e-13,0,7.10801e-12,0,1.33097e-12,0,3.11944e-15,0,3.19131e-13,0,3.92245e-12,0,3.52051e-13,0,4.88427e-10,0,5.55537e-17,0,2.96137e-23,0,3.86741e-23,0,2.08088e-24,0,1.44279e-23,0,0,0,9.46725e-23,0,3.52078e-13,0,7.49084e-19,0,1.02501e-09,0,2.93186e-19,0,3.08283e-19,0,1.64166e-26,0,4.40212e-24,0,1.82871e-26,0,3.33367e-25,0,3.65701e-23,0,5.96695e-31,0,1.03877e-05,0,1173,0,1.03892e-05,0,101325,0
27,0.0405,5.53272e-26,0,1.07872e-14,0,6.78213e-13,0,6.11901e-12,0,1.25331e-12,0,2.04202e-15,0,2.41429e-13,0,3.24265e-12,0,3.69201e-13,0,4.95261e-10,0,5.8256e-17,0,3.31237e-23,0,4.25373e-23,0,2.1856e-24,0,1.54641e-23,0,0,0,1.06926e-22,0,3.6923e-13,0,7.85892e-19,0,1.02719e-09,0,3.131e-19,0,3.23965e-19,0,1.90163e-26,0,5.21159e-24,0,1.92073e-26,0,3.84032e-25,0,4.03247e-23,0,7.20015e-31,0,1.03877e-05,0,1173,0,1.03892e-05,0,101325,0
28,0.042,3.88516e-26,0,7.57615e-15,0,5.38556e-13,0,5.25671e-12,0,1.09046e-12,0,1.33673e-15,0,1.82552e-13,0,2.67571e-12,0,3.86387e-13,0,5.01506e-10,0,6.09637e-17,0,3.68878e-23,0,4.65935e-23,0,2.29059e-24,0,1.64901e-23,0,0,0,1.20208e-22,0,3.86417e-13,0,8.22637e-19,0,1.02901e-09,0,3.32846e-19,0,3.39624e-19,0,2.19087e-26,0,6.118e-24,0,2.01299e-26,0,4.39659e-25,0,4.42716e-23,0,8.62035e-31,0,1.03877e-05,0,1173,0,1.03892e-05,0,101325,0
29,0.0435,2.73153e-26,0,5.32091e-15,0,4.27397e-13,0,4.50743e-12,0,1.04817e-12,0,8.75038e-16,0,1.37971e-13,0,2.2042e-12,0,4.03602e-13,0,5.06997e-10,0,6.3676e-17,0,4.09133e-23,0,5.08423e-23,0,2.3958e-24,0,1.75007e-23,0,0,0,1.34557e-22,0,4.03633e-13,0,8.59318e-19,0,1.03053e-09,0,3.52384e-19,0,3.5526e-19,0,2.51155e-26,0,7.12597e-24,0,2.10545e-26,0,5.00472e-25,0,4.84106e-23,0,1.02462e-30,0,1.03877e-05,0,1173,0,1.03892e-05,0,101325,0
30,0.045,1.9208e-26,0,3.73701e-15,0,3.39e-13,0,3.85833e-12,0,8.7125e-13,0,5.72809e-16,0,1.04237e-13,0,1.81303e-12,0,4.20842e-13,0,5.11821e-10,0,6.63921e-17,0,4.52078e-23,0,5.52836e-23,0,2.5012e-24,0,1.84914e-23,0,0,0,1.50011e-22,0,4.20875e-13,0,8.95937e-19,0,1.0318e-09,0,3.71669e-19,0,3.70871e-19,0,2.86596e-26,0,8.23972e-24,0,2.19807e-26,0,5.66694e-25,0,5.27416e-23,0,1.20971e-30,0,1.03877e-05,0,1173,0,1.03892e-05,0,101325,0
31,0.0465,1.35058e-26,0,2.6246e-15,0,2.68758e-13,0,3.29753e-12,0,7.78978e-13,0,3.74967e-16,0,7.87253e-14,0,1.48924e-12,0,4.38103e-13,0,5.16169e-10,0,6.91114e-17,0,4.97787e-23,0,5.9917e-23,0,2.60676e-24,0,1.94577e-23,0,0,0,1.66607e-22,0,4.38137e-13,0,9.32497e-19,0,1.03287e-09,0,3.90667e-19,0,3.8646e-19,0,3.25647e-26,0,9.46304e-24,0,2.29083e-26,0,6.38546e-25,0,5.72643e-23,0,1.41935e-30,0,1.03877e-05,0,1173,0,1.03892e-05,0,101325,0
32,0.048,9.49485e-27,0,1.84332e-15,0,2.12982e-13,0,2.8142e-12,0,6.99842e-13,0,2.45458e-16,0,5.94402e-14,0,1.22175e-12,0,4.55382e-13,0,5.19922e-10,0,7.18334e-17,0,5.46334e-23,0,6.47423e-23,0,2.71245e-24,0,2.0396e-23,0,0,0,1.84381e-22,0,4.55418e-13,0,9.69e-19,0,1.03375e-09,0,4.09356e-19,0,4.02026e-19,0,3.6856e-26,0,1.07993e-23,0,2.38372e-26,0,7.16248e-25,0,6.19786e-23,0,1.65568e-30,0,1.03877e-05,0,1173,0,1.03892e-05,0,101325,0
33,0.0495,6.67404e-27,0,1.29461e-15,0,1.68719e-13,0,2.39857e-12,0,6.01642e-13,0,1.60679e-16,0,4.48681e-14,0,1.00117e-12,0,4.72677e-13,0,5.2307e-10,0,7.45576e-17,0,5.97793e-23,0,6.97591e-23,0,2.81827e-24,0,2.13029e-23,0,0,0,2.0337e-22,0,4.72714e-13,0,1.00545e-18,0,1.03449e-09,0,4.27699e-19,0,4.17571e-19,0,4.15593e-26,0,1.22513e-23,0,2.4767e-26,0,8.00017e-25,0,6.68844e-23,0,1.92093e-30,0,1.03877e-05,0,1173,0,1.03892e-05,0,101325,0
34,0.051,4.69063e-27,0,9.09236e-16,0,1.33612e-13,0,2.04186e-12,0,5.30123e-13,0,1.05182e-16,0,3.38611e-14,0,8.19562e-13,0,4.89985e-13,0,5.25983e-10,0,7.72837e-17,0,6.52239e-23,0,7.49673e-23,0,2.92417e-24,0,2.21757e-23,0,0,0,2.23608e-22,0,4.90023e-13,0,1.04185e-18,0,1.0351e-09,0,4.45683e-19,0,4.33096e-19,0,4.67017e-26,0,1.38217e-23,0,2.56977e-26,0,8.90071e-25,0,7.19814e-23,0,2.21741e-30,0,1.03877e-05,0,1173,0,1.03892e-05,0,101325,0
35,0.0525,3.29626e-27,0,6.38579e-16,0,1.05779e-13,0,1.73628e-12,0,5.15343e-13,0,6.88536e-17,0,2.55496e-14,0,6.70266e-13,0,5.07304e-13,0,5.28445e-10,0,8.00114e-17,0,7.09745e-23,0,8.03663e-23,0,3.03015e-24,0,2.30121e-23,0,0,0,2.45128e-22,0,5.07344e-13,0,1.07821e-18,0,1.03561e-09,0,4.63291e-19,0,4.48604e-19,0,5.23113e-26,0,1.55123e-23,0,2.66291e-26,0,9.86624e-25,0,7.72696e-23,0,2.54754e-30,0,1.03877e-05,0,1173,0,1.03892e-05,0,101325,0
36,0.054,2.31617e-27,0,4.4849e-16,0,8.37231e-14,0,1.47492e-12,0,4.24376e-13,0,4.50723e-17,0,1.92751e-14,0,5.47693e-13,0,5.24632e-13,0,5.30629e-10,0,8.27404e-17,0,7.70387e-23,0,8.5956e-23,0,3.1362e-24,0,2.38102e-23,0,0,0,2.67964e-22,0,5.24673e-13,0,1.11452e-18,0,1.03604e-09,0,4.80512e-19,0,4.64095e-19,0,5.84174e-26,0,1.73247e-23,0,2.75609e-26,0,1.08989e-24,0,8.27488e-23,0,2.91382e-30,0,1.03877e-05,0,1173,0,1.03892e-05,0,101325,0
37,0.0555,1.62735e-27,0,3.14986e-16,0,6.62509e-14,0,1.25172e-12,0,3.93411e-13,0,2.95049e-17,0,1.45394e-14,0,4.47182e-13,0,5.41969e-13,0,5.32773e-10,0,8.54704e-17,0,8.34236e-23,0,9.17359e-23,0,3.24229e-24,0,2.45688e-23,0,0,0,2.92149e-22,0,5.42011e-13,0,1.1508e-18,0,1.03639e-09,0,4.97346e-19,0,4.7957e-19,0,6.50502e-26,0,1.926e-23,0,2.84933e-26,0,1.20008e-24,0,8.84188e-23,0,3.31885e-30,0,1.03877e-05,0,1173,0,1.03892e-05,0,101325,0
38,0.057,1.14331e-27,0,2.21222e-16,0,5.24144e-14,0,1.06138e-12,0,3.14169e-13,0,1.93142e-17,0,1.09659e-14,0,3.64852e-13,0,5.59313e-13,0,5.34714e-10,0,8.82014e-17,0,9.01369e-23,0,9.77059e-23,0,3.34841e-24,0,2.52868e-23,0,0,0,3.17713e-22,0,5.59357e-13,0,1.18705e-18,0,1.03668e-09,0,5.13797e-19,0,4.95033e-19,0,7.22408e-26,0,2.13191e-23,0,2.94259e-26,0,1.31741e-24,0,9.42795e-23,0,3.76533e-30,0,1.03877e-05,0,1173,0,1.03892e-05,0,101325,0
39,0.0585,8.03197e-28,0,1.5537e-16,0,4.14604e-14,0,8.99264e-13,0,2.89052e-13,0,1.26433e-17,0,8.26987e-15,0,2.97481e-13,0,5.76663e-13,0,5.36388e-10,0,9.09331e-17,0,9.7186e-23,0,1.03865e-22,0,3.45457e-24,0,2.59639e-23,0,0,0,3.44687e-22,0,5.76708e-13,0,1.22327e-18,0,1.03692e-09,0,5.29861e-19,0,5.10483e-19,0,8.00215e-26,0,2.35023e-23,0,3.03587e-26,0,1.44208e-24,0,1.00331e-22,0,4.25604e-30,0,1.03877e-05,0,1173,0,1.03892e-05,0,101325,0
40,0.06,5.64233e-28,0,1.0912e-16,0,3.27905e-14,0,7.61342e-13,0,2.66476e-13,0,8.27644e-18,0,6.23608e-15,0,2.42403e-13,0,5.94019e-13,0,5.37813e-10,0,9.36654e-17,0,1.04578e-22,0,1.10214e-22,0,3.56073e-24,0,2.65999e-23,0,0,0,3.731e-22,0,5.94065e-13,0,1.25946e-18,0,1.03712e-09,0,5.45534e-19,0,5.25922e-19,0,8.84256e-26,0,2.58095e-23,0,3.12917e-26,0,1.57431e-24,0,1.06572e-22,0,4.79387e-30,0,1.03877e-05,0,1173,0,1.03892e-05,0,101325,0
41,0.0615,3.96349e-28,0,7.66378e-17,0,2.59299e-14,0,6.4413e-13,0,2.1972e-13,0,5.41785e-18,0,4.70208e-15,0,1.97412e-13,0,6.11379e-13,0,5.38969e-10,0,9.63983e-17,0,1.12321e-22,0,1.16752e-22,0,3.66691e-24,0,2.7195e-23,0,0,0,4.02982e-22,0,6.11427e-13,0,1.29562e-18,0,1.03728e-09,0,5.60809e-19,0,5.41352e-19,0,9.74871e-26,0,2.82406e-23,0,3.22248e-26,0,1.71429e-24,0,1.13005e-22,0,5.38177e-30,0,1.03877e-05,0,1173,0,1.03892e-05,0,101325,0
42,0.063,2.78408e-28,0,5.38247e-17,0,2.05023e-14,0,5.44615e-13,0,1.47294e-13,0,3.54659e-18,0,3.54518e-15,0,1.60688e-13,0,6.28744e-13,0,5.39945e-10,0,9.91315e-17,0,1.20421e-22,0,1.23479e-22,0,3.77309e-24,0,2.77498e-23,0,0,0,4.3436e-22,0,6.28793e-13,0,1.33177e-18,0,1.03741e-09,0,5.75684e-19,0,5.56772e-19,0,1.07241e-25,0,3.07949e-23,0,3.31579e-26,0,1.86225e-24,0,1.19627e-22,0,6.02283e-30,0,1.03877e-05,0,1173,0,1.03892e-05,0,101325,0
43,0.0645,1.95557e-28,0,3.78024e-17,0,1.62089e-14,0,4.60203e-13,0,1.49765e-13,0,2.32163e-18,0,2.67276e-15,0,1.30733e-13,0,6.46112e-13,0,5.40928e-10,0,1.01865e-16,0,1.28887e-22,0,1.30394e-22,0,3.87926e-24,0,2.8265e-23,0,0,0,4.67262e-22,0,6.46163e-13,0,1.36789e-18,0,1.03752e-09,0,5.90166e-19,0,5.72185e-19,0,1.17724e-25,0,3.34716e-23,0,3.40909e-26,0,2.01838e-24,0,1.2644e-22,0,6.72022e-30,0,1.03877e-05,0,1173,0,1.03892e-05,0,101325,0
44,0.066,1.37359e-28,0,2.65496e-17,0,1.28134e-14,0,3.8866e-13,0,1.36743e-13,0,1.51977e-18,0,2.01493e-15,0,1.06316e-13,0,6.63484e-13,0,5.41808e-10,0,1.04599e-16,0,1.37726e-22,0,1.37497e-22,0,3.98542e-24,0,2.87418e-23,0,0,0,5.01712e-22,0,6.63536e-13,0,1.404e-18,0,1.0376e-09,0,6.04265e-19,0,5.87591e-19,0,1.28971e-25,0,3.62696e-23,0,3.50238e-26,0,2.18288e-24,0,1.33442e-22,0,7.47718e-30,0,1.03877e-05,0,1173,0,1.03892e-05,0,101325,0
45,0.0675,9.64783e-29,0,1.86464e-17,0,1.01283e-14,0,3.28071e-13,0,1.25706e-13,0,9.94857e-19,0,1.51894e-15,0,8.64243e-14,0,6.80859e-13,0,5.42557e-10,0,1.07333e-16,0,1.46945e-22,0,1.44788e-22,0,4.09156e-24,0,2.91815e-23,0,0,0,5.37737e-22,0,6.80912e-13,0,1.4401e-18,0,1.03767e-09,0,6.17983e-19,0,6.02991e-19,0,1.41022e-25,0,3.91876e-23,0,3.59566e-26,0,2.35596e-24,0,1.40635e-22,0,8.29707e-30,0,1.03877e-05,0,1173,0,1.03892e-05,0,101325,0
46,0.069,6.77635e-29,0,1.30959e-17,0,8.00527e-15,0,2.76795e-13,0,1.04621e-13,0,6.51244e-19,0,1.145e-15,0,7.0228e-14,0,6.98237e-13,0,5.43276e-10,0,1.10067e-16,0,1.56551e-22,0,1.52266e-22,0,4.19769e-24,0,2.95855e-23,0,0,0,5.7536e-22,0,6.98291e-13,0,1.47618e-18,0,1.03773e-09,0,6.31328e-19,0,6.18385e-19,0,1.53914e-25,0,4.22244e-23,0,3.68893e-26,0,2.53782e-24,0,1.48017e-22,0,9.18335e-30,0,1.03877e-05,0,1173,0,1.03892e-05,0,101325,0
47,0.0705,4.75945e-29,0,9.19755e-18,0,6.32682e-15,0,2.3343e-13,0,8.27354e-14,0,4.26312e-19,0,8.63084e-16,0,5.70473e-14,0,7.15617e-13,0,5.43879e-10,0,1.12802e-16,0,1.66553e-22,0,1.59932e-22,0,4.30379e-24,0,2.99553e-23,0,0,0,6.14605e-22,0,7.15673e-13,0,1.51226e-18,0,1.03777e-09,0,6.44305e-19,0,6.33774e-19,0,1.67686e-25,0,4.53784e-23,0,3.78217e-26,0,2.72866e-24,0,1.5559e-22,0,1.01396e-29,0,1.03877e-05,0,1173,0,1.03892e-05,0,101325,0
48,0.072,3.34281e-29,0,6.45967e-18,0,4.99999e-15,0,1.96778e-13,0,6.51501e-14,0,2.79069e-19,0,6.50562e-16,0,4.63257e-14,0,7.33e-13,0,5.44482e-10,0,1.15536e-16,0,1.76957e-22,0,1.67784e-22,0,4.40987e-24,0,3.02927e-23,0,0,0,6.55494e-22,0,7.33057e-13,0,1.54832e-18,0,1.0378e-09,0,6.56923e-19,0,6.49159e-19,0,1.82379e-25,0,4.86479e-23,0,3.8754e-26,0,2.92868e-24,0,1.63352e-22,0,1.11693e-29,0,1.03877e-05,0,1173,0,1.03892e-05,0,101325,0
49,0.0735,2.34781e-29,0,4.53679e-18,0,3.9512e-15,0,1.65817e-13,0,5.36929e-14,0,1.82681e-19,0,4.90358e-16,0,3.7608e-14,0,7.50385e-13,0,5.45085e-10,0,1.18271e-16,0,1.8777e-22,0,1.75824e-22,0,4.51593e-24,0,3.05994e-23,0,0,0,6.98047e-22,0,7.50444e-13,0,1.58437e-18,0,1.03783e-09,0,6.69192e-19,0,6.6454e-19,0,1.98032e-25,0,5.20313e-23,0,3.9686e-26,0,3.13807e-24,0,1.71304e-22,0,1.22764e-29,0,1.03877e-05,0,1173,0,1.03892e-05,0,101325,0
50,0.075,1.64897e-29,0,3.1863e-18,0,3.12225e-15,0,1.39677e-13,0,5.08437e-14,0,1.19585e-19,0,3.69597e-16,0,3.05225e-14,0,7.67772e-13,0,5.45673e-10,0,1.21006e-16,0,1.99001e-22,0,1.84049e-22,0,4.62196e-24,0,3.08772e-23,0,0,0,7.42287e-22,0,7.67832e-13,0,1.62041e-18,0,1.03785e-09,0,6.81121e-19,0,6.79918e-19,0,2.14688e-25,0,5.55268e-23,0,4.06177e-26,0,3.35703e-24,0,1.79445e-22,0,1.34647e-29,0,1.03877e-05,0,1173,0,1.03892e-05,0,101325,0
51,0.0765,1.15813e-29,0,2.23782e-18,0,2.46711e-15,0,1.17618e-13,0,4.54209e-14,0,7.82819e-20,0,2.78571e-16,0,2.47657e-14,0,7.85162e-13,0,5.46155e-10,0,1.23741e-16,0,2.10656e-22,0,1.92461e-22,0,4.72795e-24,0,3.11281e-23,0,0,0,7.88231e-22,0,7.85223e-13,0,1.65645e-18,0,1.03786e-09,0,6.92719e-19,0,6.95292e-19,0,2.32389e-25,0,5.91326e-23,0,4.15492e-26,0,3.58575e-24,0,1.87776e-22,0,1.4738e-29,0,1.03877e-05,0,1173,0,1.03892e-05,0,101325,0
52,0.078,8.13392e-30,0,1.57168e-18,0,1.94936e-15,0,9.90118e-14,0,3.92802e-14,0,5.12442e-20,0,2.09959e-16,0,2.00899e-14,0,8.02553e-13,0,5.46563e-10,0,1.26475e-16,0,2.22744e-22,0,2.01059e-22,0,4.83392e-24,0,3.13537e-23,0,0,0,8.35899e-22,0,8.02616e-13,0,1.69248e-18,0,1.03787e-09,0,7.03989e-19,0,7.10664e-19,0,2.51176e-25,0,6.28472e-23,0,4.24805e-26,0,3.82444e-24,0,1.96297e-22,0,1.61005e-29,0,1.03877e-05,0,1173,0,1.03892e-05,0,101325,0
53,0.0795,5.71269e-30,0,1.10383e-18,0,1.54022e-15,0,8.33246e-14,0,3.36341e-14,0,3.3545e-20,0,1.58244e-16,0,1.62935e-14,0,8.19946e-13,0,5.46923e-10,0,1.2921e-16,0,2.3527e-22,0,2.09843e-22,0,4.93986e-24,0,3.1556e-23,0,0,0,8.85307e-22,0,8.2001e-13,0,1.72851e-18,0,1.03787e-09,0,7.14937e-19,0,7.26033e-19,0,2.71094e-25,0,6.66686e-23,0,4.34115e-26,0,4.07328e-24,0,2.05007e-22,0,1.75562e-29,0,1.03877e-05,0,1173,0,1.03892e-05,0,101325,0
54,0.081,4.01217e-30,0,7.75245e-19,0,1.21691e-15,0,7.01037e-14,0,2.86034e-14,0,2.19589e-20,0,1.19266e-16,0,1.32118e-14,0,8.37341e-13,0,5.47228e-10,0,1.31945e-16,0,2.48243e-22,0,2.18812e-22,0,5.04577e-24,0,3.17368e-23,0,0,0,9.36473e-22,0,8.37406e-13,0,1.76453e-18,0,1.03787e-09,0,7.25571e-19,0,7.414e-19,0,2.92186e-25,0,7.05952e-23,0,4.43422e-26,0,4.33247e-24,0,2.13906e-22,0,1.91093e-29,0,1.03877e-05,0,1173,0,1.03892e-05,0,101325,0
55,0.0825,2.81785e-30,0,5.44474e-19,0,9.61446e-16,0,5.89653e-14,0,2.42047e-14,0,1.43746e-20,0,8.98872e-17,0,1.07109e-14,0,8.54738e-13,0,5.47505e-10,0,1.3468e-16,0,2.61671e-22,0,2.27966e-22,0,5.15165e-24,0,3.18977e-23,0,0,0,9.89411e-22,0,8.54805e-13,0,1.80055e-18,0,1.03787e-09,0,7.35897e-19,0,7.56765e-19,0,3.14497e-25,0,7.46254e-23,0,4.52727e-26,0,4.60219e-24,0,2.22995e-22,0,2.07643e-29,0,1.03877e-05,0,1173,0,1.03892e-05,0,101325,0
56,0.084,1.97904e-30,0,3.82398e-19,0,7.59592e-16,0,4.95848e-14,0,2.03127e-14,0,9.40975e-21,0,6.77449e-17,0,8.68197e-15,0,8.72136e-13,0,5.47767e-10,0,1.37414e-16,0,2.75559e-22,0,2.37306e-22,0,5.25751e-24,0,3.20405e-23,0,0,0,1.04414e-21,0,8.72204e-13,0,1.83656e-18,0,1.03786e-09,0,7.45923e-19,0,7.72128e-19,0,3.38072e-25,0,7.87575e-23,0,4.62029e-26,0,4.88264e-24,0,2.32274e-22,0,2.25254e-29,0,1.03877e-05,0,1173,0,1.03892e-05,0,101325,0
57,0.0855,1.38992e-30,0,2.68568e-19,0,6.00104e-16,0,4.16872e-14,0,1.7002e-14,0,6.15973e-21,0,5.10566e-17,0,7.03623e-15,0,8.89536e-13,0,5.47989e-10,0,1.40149e-16,0,2.89917e-22,0,2.46831e-22,0,5.36333e-24,0,3.21667e-23,0,0,0,1.10066e-21,0,8.89606e-13,0,1.87257e-18,0,1.03785e-09,0,7.55657e-19,0,7.87489e-19,0,3.62956e-25,0,8.299e-23,0,4.71329e-26,0,5.174e-24,0,2.41742e-22,0,2.43973e-29,0,1.03877e-05,0,1173,0,1.03892e-05,0,101325,0
58,0.087,9.76168e-31,0,1.88622e-19,0,4.74094e-16,0,3.50401e-14,0,1.4227e-14,0,4.03223e-21,0,3.8479e-17,0,5.70161e-15,0,9.06938e-13,0,5.48192e-10,0,1.42884e-16,0,3.0475e-22,0,2.56541e-22,0,5.46913e-24,0,3.22779e-23,0,0,0,1.159e-21,0,9.07009e-13,0,1.90857e-18,0,1.03784e-09,0,7.65106e-19,0,8.02849e-19,0,3.89197e-25,0,8.73216e-23,0,4.80626e-26,0,5.47647e-24,0,2.51399e-22,0,2.63846e-29,0,1.03877e-05,0,1173,0,1.03892e-05,0,101325,0
59,0.0885,6.85581e-31,0,1.32474e-19,0,3.74537e-16,0,2.94471e-14,0,1.19553e-14,0,2.63954e-21,0,2.89997e-17,0,4.6195e-15,0,9.24342e-13,0,5.48371e-10,0,1.45619e-16,0,3.20067e-22,0,2.66435e-22,0,5.5749e-24,0,3.23755e-23,0,0,0,1.21917e-21,0,9.24414e-13,0,1.94457e-18,0,1.03783e-09,0,7.74278e-19,0,8.18207e-19,0,4.1684e-25,0,9.17507e-23,0,4.89922e-26,0,5.79022e-24,0,2.61245e-22,0,2.84919e-29,0,1.03877e-05,0,1173,0,1.03892e-05,0,101325,0
60,0.09,4.81496e-31,0,9.30396e-20,0,2.95883e-16,0,2.47422e-14,0,1.00715e-14,0,1.72787e-21,0,2.18554e-17,0,3.74228e-15,0,9.41747e-13,0,5.48536e-10,0,1.48353e-16,0,3.35875e-22,0,2.76514e-22,0,5.68064e-24,0,3.24608e-23,0,0,0,1.28117e-21,0,9.41821e-13,0,1.98057e-18,0,1.03782e-09,0,7.83178e-19,0,8.33563e-19,0,4.45934e-25,0,9.62762e-23,0,4.99214e-26,0,6.11545e-24,0,2.71281e-22,0,3.07242e-29,0,1.03877e-05,0,1173,0,1.03892e-05,0,101325,0
61,0.0915,3.38163e-31,0,6.53441e-20,0,2.33743e-16,0,2.07855e-14,0,8.45783e-15,0,1.13108e-21,0,1.64712e-17,0,3.03128e-15,0,9.59154e-13,0,5.48685e-10,0,1.51088e-16,0,3.52181e-22,0,2.86777e-22,0,5.78636e-24,0,3.25351e-23,0,0,0,1.34501e-21,0,9.59229e-13,0,2.01657e-18,0,1.03781e-09,0,7.91816e-19,0,8.48919e-19,0,4.76527e-25,0,1.00897e-22,0,5.08505e-26,0,6.45233e-24,0,2.81506e-22,0,3.30862e-29,0,1.03877e-05,0,1173,0,1.03892e-05,0,101325,0
62,0.093,2.37497e-31,0,4.58928e-20,0,1.84651e-16,0,1.74587e-14,0,7.11946e-15,0,7.40421e-22,0,1.24133e-17,0,2.45509e-15,0,9.76562e-13,0,5.4883e-10,0,1.53823e-16,0,3.68992e-22,0,2.97225e-22,0,5.89206e-24,0,3.25997e-23,0,0,0,1.41071e-21,0,9.76638e-13,0,2.05256e-18,0,1.03779e-09,0,8.00199e-19,0,8.64273e-19,0,5.08667e-25,0,1.05611e-22,0,5.17793e-26,0,6.80106e-24,0,2.91921e-22,0,3.55831e-29,0,1.03877e-05,0,1173,0,1.03892e-05,0,101325,0
63,0.0945,1.66798e-31,0,3.22316e-20,0,1.45868e-16,0,1.46621e-14,0,5.95599e-15,0,4.84688e-22,0,9.35511e-18,0,1.98822e-15,0,9.93972e-13,0,5.48963e-10,0,1.56557e-16,0,3.86316e-22,0,3.07857e-22,0,5.99773e-24,0,3.26554e-23,0,0,0,1.47827e-21,0,9.9405e-13,0,2.08855e-18,0,1.03778e-09,0,8.08332e-19,0,8.79626e-19,0,5.42403e-25,0,1.10419e-22,0,5.2708e-26,0,7.16181e-24,0,3.02524e-22,0,3.82199e-29,0,1.03877e-05,0,1173,0,1.03892e-05,0,101325,0
64,0.096,1.17145e-31,0,2.26371e-20,0,1.1523e-16,0,1.23117e-14,0,5.03039e-15,0,3.17282e-22,0,7.05033e-18,0,1.60998e-15,0,1.01138e-12,0,5.49081e-10,0,1.59292e-16,0,4.0416e-22,0,3.18673e-22,0,6.10338e-24,0,3.27034e-23,0,0,0,1.54769e-21,0,1.01146e-12,0,2.12454e-18,0,1.03777e-09,0,8.16225e-19,0,8.94978e-19,0,5.77786e-25,0,1.15318e-22,0,5.36364e-26,0,7.53477e-24,0,3.13317e-22,0,4.10019e-29,0,1.03877e-05,0,1173,0,1.03892e-05,0,101325,0
65,0.0975,8.22726e-32,0,1.58986e-20,0,9.10266e-17,0,1.03367e-14,0,4.22883e-15,0,2.07696e-22,0,5.31335e-18,0,1.30358e-15,0,1.0288e-12,0,5.49193e-10,0,1.62026e-16,0,4.22532e-22,0,3.29673e-22,0,6.20901e-24,0,3.27446e-23,0,0,0,1.619e-21,0,1.02888e-12,0,2.16053e-18,0,1.03775e-09,0,8.23882e-19,0,9.10328e-19,0,6.14865e-25,0,1.20309e-22,0,5.45647e-26,0,7.92011e-24,0,3.24299e-22,0,4.39344e-29,0,1.03877e-05,0,1173,0,1.03892e-05,0,101325,0
66,0.099,5.77813e-32,0,1.1166e-20,0,7.19063e-17,0,8.67742e-15,0,3.54892e-15,0,1.3596e-22,0,4.0043e-18,0,1.05541e-15,0,1.04621e-12,0,5.493e-10,0,1.64761e-16,0,4.41439e-22,0,3.40857e-22,0,6.31461e-24,0,3.27796e-23,0,0,0,1.69217e-21,0,1.04629e-12,0,2.19651e-18,0,1.03774e-09,0,8.31312e-19,0,9.25678e-19,0,6.53692e-25,0,1.2539e-22,0,5.54928e-26,0,8.31802e-24,0,3.35471e-22,0,4.70228e-29,0,1.03877e-05,0,1173,0,1.03892e-05,0,101325,0
67,0.1005,4.05806e-32,0,7.84215e-21,0,5.68019e-17,0,7.28363e-15,0,2.93986e-15,0,8.90011e-23,0,3.01775e-18,0,8.54412e-16,0,1.06363e-12,0,5.494e-10,0,1.67495e-16,0,4.60888e-22,0,3.52225e-22,0,6.4202e-24,0,3.28094e-23,0,0,0,1.76723e-21,0,1.06371e-12,0,2.2325e-18,0,1.03772e-09,0,8.3852e-19,0,9.41027e-19,0,6.94319e-25,0,1.3056e-22,0,5.64207e-26,0,8.72868e-24,0,3.46832e-22,0,5.02726e-29,0,1.03877e-05,0,1173,0,1.03892e-05,0,101325,0
68,0.102,2.85003e-32,0,5.50774e-21,0,4.487e-17,0,6.11304e-15,0,2.45736e-15,0,5.82611e-23,0,2.27426e-18,0,6.91647e-16,0,1.08104e-12,0,5.49506e-10,0,1.7023e-16,0,4.80886e-22,0,3.63777e-22,0,6.52578e-24,0,3.28346e-23,0,0,0,1.84418e-21,0,1.08113e-12,0,2.26848e-18,0,1.0377e-09,0,8.45514e-19,0,9.56375e-19,0,7.36797e-25,0,1.3582e-22,0,5.73485e-26,0,9.15226e-24,0,3.58382e-22,0,5.36895e-29,0,1.03877e-05,0,1173,0,1.03892e-05,0,101325,0
69,0.1035,2.00162e-32,0,3.86822e-21,0,3.54444e-17,0,5.13004e-15,0,2.02464e-15,0,3.81384e-23,0,1.71394e-18,0,5.59851e-16,0,1.09846e-12,0,5.49599e-10,0,1.72964e-16,0,5.01441e-22,0,3.75513e-22,0,6.63133e-24,0,3.28557e-23,0,0,0,1.92301e-21,0,1.09855e-12,0,2.30446e-18,0,1.03769e-09,0,8.52299e-19,0,9.71722e-19,0,7.81179e-25,0,1.41167e-22,0,5.82761e-26,0,9.58894e-24,0,3.70121e-22,0,5.72791e-29,0,1.03877e-05,0,1173,0,1.03892e-05,0,101325,0
70,0.105,1.40577e-32,0,2.71675e-21,0,2.79986e-17,0,4.30469e-15,0,1.68695e-15,0,2.49658e-23,0,1.29167e-18,0,4.53142e-16,0,1.11588e-12,0,5.4969e-10,0,1.75698e-16,0,5.2256e-22,0,3.87432e-22,0,6.73686e-24,0,3.28733e-23,0,0,0,2.00373e-21,0,1.11597e-12,0,2.34044e-18,0,1.03767e-09,0,8.58882e-19,0,9.87068e-19,0,8.2752e-25,0,1.46603e-22,0,5.92035e-26,0,1.00389e-23,0,3.8205e-22,0,6.10474e-29,0,1.03877e-05,0,1173,0,1.03892e-05,0,101325,0
71,0.1065,9.87288e-33,0,1.90804e-21,0,2.21169e-17,0,3.61179e-15,0,1.42375e-15,0,1.63429e-23,0,9.73431e-19,0,3.6675e-16,0,1.13331e-12,0,5.49777e-10,0,1.78433e-16,0,5.44251e-22,0,3.99535e-22,0,6.84238e-24,0,3.28878e-23,0,0,0,2.08634e-21,0,1.1334e-12,0,2.37641e-18,0,1.03765e-09,0,8.65268e-19,0,1.00241e-18,0,8.75872e-25,0,1.52126e-22,0,6.01308e-26,0,1.05023e-23,0,3.94168e-22,0,6.50002e-29,0,1.03877e-05,0,1173,0,1.03892e-05,0,101325,0
72,0.108,6.93386e-33,0,1.34006e-21,0,1.74707e-17,0,3.03016e-15,0,1.17516e-15,0,1.06982e-23,0,7.336e-19,0,2.96813e-16,0,1.15073e-12,0,5.4986e-10,0,1.81167e-16,0,5.6652e-22,0,4.11821e-22,0,6.94789e-24,0,3.28997e-23,0,0,0,2.17083e-21,0,1.15082e-12,0,2.41239e-18,0,1.03764e-09,0,8.71464e-19,0,1.01776e-18,0,9.2629e-25,0,1.57735e-22,0,6.1058e-26,0,1.09793e-23,0,4.06475e-22,0,6.91436e-29,0,1.03877e-05,0,1173,0,1.03892e-05,0,101325,0
73,0.1095,4.86975e-33,0,9.41161e-22,0,1.38005e-17,0,2.54199e-15,0,9.85105e-16,0,7.00319e-24,0,5.52857e-19,0,2.40201e-16,0,1.16816e-12,0,5.49942e-10,0,1.83901e-16,0,5.89376e-22,0,4.24292e-22,0,7.05338e-24,0,3.29094e-23,0,0,0,2.25721e-21,0,1.16825e-12,0,2.44836e-18,0,1.03762e-09,0,8.77475e-19,0,1.0331e-18,0,9.7883e-25,0,1.63431e-22,0,6.1985e-26,0,1.14702e-23,0,4.18972e-22,0,7.34836e-29,0,1.03877e-05,0,1173,0,1.03892e-05,0,101325,0
74,0.111,3.42009e-33,0,6.61001e-22,0,1.09013e-17,0,2.1323e-15,0,8.35419e-16,0,4.58437e-24,0,4.16645e-19,0,1.94378e-16,0,1.18558e-12,0,5.50018e-10,0,1.86635e-16,0,6.12824e-22,0,4.36945e-22,0,7.15885e-24,0,3.29172e-23,0,0,0,2.34548e-21,0,1.18567e-12,0,2.48433e-18,0,1.0376e-09,0,8.83306e-19,0,1.04844e-18,0,1.03355e-24,0,1.69214e-22,0,6.29119e-26,0,1.1975e-23,0,4.31659e-22,0,7.80267e-29,0,1.03877e-05,0,1173,0,1.03892e-05,0,101325,0
75,0.1125,2.40197e-33,0,4.64237e-22,0,8.61111e-18,0,1.78851e-15,0,6.896e-16,0,3.00098e-24,0,3.13993e-19,0,1.57289e-16,0,1.20301e-12,0,5.50093e-10,0,1.89369e-16,0,6.36874e-22,0,4.49782e-22,0,7.26431e-24,0,3.29233e-23,0,0,0,2.43562e-21,0,1.2031e-12,0,2.5203e-18,0,1.03759e-09,0,8.88964e-19,0,1.06378e-18,0,1.0905e-24,0,1.75082e-22,0,6.38387e-26,0,1.2494e-23,0,4.44534e-22,0,8.2779e-29,0,1.03877e-05,0,1173,0,1.03892e-05,0,101325,0
76,0.114,1.68694e-33,0,3.26046e-22,0,6.80206e-18,0,1.50004e-15,0,5.8561e-16,0,1.96447e-24,0,2.36631e-19,0,1.27273e-16,0,1.22044e-12,0,5.50169e-10,0,1.92103e-16,0,6.61532e-22,0,4.62803e-22,0,7.36976e-24,0,3.2928e-23,0,0,0,2.52763e-21,0,1.22054e-12,0,2.55627e-18,0,1.03757e-09,0,8.94452e-19,0,1.07912e-18,0,1.14974e-24,0,1.81035e-22,0,6.47653e-26,0,1.30272e-23,0,4.57599e-22,0,8.7747e-29,0,1.03877e-05,0,1173,0,1.03892e-05,0,101325,0
77,0.1155,1.18476e-33,0,2.2899e-22,0,5.37305e-18,0,1.25803e-15,0,4.96794e-16,0,1.28597e-24,0,1.7833e-19,0,1.0298e-16,0,1.23787e-12,0,5.50245e-10,0,1.94837e-16,0,6.86804e-22,0,4.76007e-22,0,7.47519e-24,0,3.29315e-23,0,0,0,2.62152e-21,0,1.23797e-12,0,2.59223e-18,0,1.03755e-09,0,8.99776e-19,0,1.09446e-18,0,1.21133e-24,0,1.87074e-22,0,6.56919e-26,0,1.3575e-23,0,4.70854e-22,0,9.29373e-29,0,1.03877e-05,0,1173,0,1.03892e-05,0,101325,0
78,0.117,8.32072e-34,0,1.60825e-22,0,4.24424e-18,0,1.05499e-15,0,4.16603e-16,0,8.41808e-25,0,1.34393e-19,0,8.33217e-17,0,1.2553e-12,0,5.50318e-10,0,1.97571e-16,0,7.127e-22,0,4.89394e-22,0,7.58061e-24,0,3.2934e-23,0,0,0,2.71726e-21,0,1.2554e-12,0,2.6282e-18,0,1.03753e-09,0,9.04942e-19,0,1.1098e-18,0,1.27533e-24,0,1.93198e-22,0,6.66183e-26,0,1.41374e-23,0,4.84298e-22,0,9.83565e-29,0,1.03877e-05,0,1173,0,1.03892e-05,0,101325,0
79,0.1185,5.84376e-34,0,1.12952e-22,0,3.35258e-18,0,8.84675e-16,0,3.45439e-16,0,5.51057e-25,0,1.01281e-19,0,6.74137e-17,0,1.27274e-12,0,5.50381e-10,0,2.00305e-16,0,7.39225e-22,0,5.02965e-22,0,7.68601e-24,0,3.29357e-23,0,0,0,2.81487e-21,0,1.27284e-12,0,2.66416e-18,0,1.03752e-09,0,9.09953e-19,0,1.12514e-18,0,1.34179e-24,0,1.99407e-22,0,6.75446e-26,0,1.47147e-23,0,4.97932e-22,0,1.04011e-28,0,1.03877e-05,0,1173,0,1.03892e-05,0,101325,0
80,0.12,4.10415e-34,0,7.93288e-23,0,2.64824e-18,0,7.41814e-16,0,2.88941e-16,0,3.60728e-25,0,7.63277e-20,0,5.45412e-17,0,1.29017e-12,0,5.50444e-10,0,2.03039e-16,0,7.66388e-22,0,5.16719e-22,0,7.79141e-24,0,3.29367e-23,0,0,0,2.91432e-21,0,1.29028e-12,0,2.70012e-18,0,1.0375e-09,0,9.14815e-19,0,1.14048e-18,0,1.41078e-24,0,2.057e-22,0,6.84708e-26,0,1.53069e-23,0,5.11755e-22,0,1.09909e-28,0,1.03877e-05,0,1173,0,1.03892e-05,0,101325,0
81,0.1215,2.8824e-34,0,5.57146e-23,0,2.09187e-18,0,6.21992e-16,0,2.47014e-16,0,2.36136e-25,0,5.7522e-20,0,4.41255e-17,0,1.30761e-12,0,5.50507e-10,0,2.05772e-16,0,7.94195e-22,0,5.30656e-22,0,7.89679e-24,0,3.29371e-23,0,0,0,3.01561e-21,0,1.30771e-12,0,2.73608e-18,0,1.03748e-09,0,9.19531e-19,0,1.15582e-18,0,1.48236e-24,0,2.12078e-22,0,6.93969e-26,0,1.59143e-23,0,5.25768e-22,0,1.16056e-28,0,1.03877e-05,0,1173,0,1.03892e-05,0,101325,0
82,0.123,2.02435e-34,0,3.91297e-23,0,1.65239e-18,0,5.215e-16,0,2.04281e-16,0,1.54578e-25,0,4.33497e-20,0,3.56979e-17,0,1.32505e-12,0,5.50573e-10,0,2.08506e-16,0,8.22655e-22,0,5.44777e-22,0,8.00216e-24,0,3.2937e-23,0,0,0,3.11873e-21,0,1.32515e-12,0,2.77204e-18,0,1.03747e-09,0,9.24106e-19,0,1.17115e-18,0,1.55658e-24,0,2.18541e-22,0,7.03229e-26,0,1.6537e-23,0,5.3997e-22,0,1.2246e-28,0,1.03877e-05,0,1173,0,1.03892e-05,0,101325,0
83,0.1245,1.42172e-34,0,2.74818e-23,0,1.30524e-18,0,4.37224e-16,0,1.72041e-16,0,1.01188e-25,0,3.26692e-20,0,2.88793e-17,0,1.34249e-12,0,5.50635e-10,0,2.1124e-16,0,8.51773e-22,0,5.59081e-22,0,8.10752e-24,0,3.29364e-23,0,0,0,3.22367e-21,0,1.3426e-12,0,2.808e-18,0,1.03745e-09,0,9.28545e-19,0,1.18649e-18,0,1.63351e-24,0,2.25087e-22,0,7.12488e-26,0,1.71753e-23,0,5.54362e-22,0,1.29127e-28,0,1.03877e-05,0,1173,0,1.03892e-05,0,101325,0
84,0.126,9.98496e-35,0,1.93012e-23,0,1.03102e-18,0,3.66552e-16,0,1.39163e-16,0,6.62389e-26,0,2.46201e-20,0,2.33625e-17,0,1.35993e-12,0,5.50699e-10,0,2.13973e-16,0,8.81558e-22,0,5.73568e-22,0,8.21286e-24,0,3.29356e-23,0,0,0,3.33042e-21,0,1.36004e-12,0,2.84396e-18,0,1.03743e-09,0,9.32851e-19,0,1.20182e-18,0,1.71321e-24,0,2.31718e-22,0,7.21745e-26,0,1.78292e-23,0,5.68944e-22,0,1.36065e-28,0,1.03877e-05,0,1173,0,1.03892e-05,0,101325,0
85,0.1275,7.01257e-35,0,1.35557e-23,0,8.14407e-19,0,3.07292e-16,0,1.21073e-16,0,4.33607e-26,0,1.85542e-20,0,1.88992e-17,0,1.37738e-12,0,5.50756e-10,0,2.16707e-16,0,9.12017e-22,0,5.88238e-22,0,8.3182e-24,0,3.29344e-23,0,0,0,3.43896e-21,0,1.37748e-12,0,2.87991e-18,0,1.03741e-09,0,9.37029e-19,0,1.21715e-18,0,1.79575e-24,0,2.38433e-22,0,7.31002e-26,0,1.84989e-23,0,5.83715e-22,0,1.43282e-28,0,1.03877e-05,0,1173,0,1.03892e-05,0,101325,0
86,0.129,4.92502e-35,0,9.5205e-24,0,6.43305e-19,0,2.57602e-16,0,9.69063e-17,0,2.83844e-26,0,1.39828e-20,0,1.52883e-17,0,1.39482e-12,0,5.50814e-10,0,2.1944e-16,0,9.43156e-22,0,6.03092e-22,0,8.42352e-24,0,3.29331e-23,0,0,0,3.5493e-21,0,1.39493e-12,0,2.91586e-18,0,1.0374e-09,0,9.41082e-19,0,1.23249e-18,0,1.88118e-24,0,2.45231e-22,0,7.40258e-26,0,1.91846e-23,0,5.98677e-22,0,1.50785e-28,0,1.03877e-05,0,1173,0,1.03892e-05,0,101325,0
87,0.1305,3.45891e-35,0,6.68648e-24,0,5.08151e-19,0,2.1594e-16,0,8.12832e-17,0,1.85808e-26,0,1.05377e-20,0,1.2367e-17,0,1.41227e-12,0,5.50868e-10,0,2.22174e-16,0,9.74984e-22,0,6.18129e-22,0,8.52883e-24,0,3.29315e-23,0,0,0,3.6614e-21,0,1.41238e-12,0,2.95182e-18,0,1.03738e-09,0,9.45014e-19,0,1.24782e-18,0,1.96957e-24,0,2.52114e-22,0,7.49513e-26,0,1.98864e-23,0,6.13828e-22,0,1.58581e-28,0,1.03877e-05,0,1173,0,1.03892e-05,0,101325,0
88,0.132,2.42924e-35,0,4.69608e-24,0,4.01391e-19,0,1.8101e-16,0,6.98459e-17,0,1.21632e-26,0,7.94139e-21,0,1.00038e-17,0,1.42972e-12,0,5.50919e-10,0,2.24907e-16,0,1.00751e-21,0,6.33348e-22,0,8.63413e-24,0,3.29298e-23,0,0,0,3.77526e-21,0,1.42983e-12,0,2.98776e-18,0,1.03736e-09,0,9.48828e-19,0,1.26315e-18,0,2.06098e-24,0,2.5908e-22,0,7.58766e-26,0,2.06046e-23,0,6.29169e-22,0,1.66679e-28,0,1.03877e-05,0,1173,0,1.03892e-05,0,101325,0
89,0.1335,1.70608e-35,0,3.29818e-24,0,3.17061e-19,0,1.51725e-16,0,6.12828e-17,0,7.96214e-27,0,5.98478e-21,0,8.09205e-18,0,1.44717e-12,0,5.50969e-10,0,2.2764e-16,0,1.04074e-21,0,6.48751e-22,0,8.73942e-24,0,3.29279e-23,0,0,0,3.89087e-21,0,1.44728e-12,0,3.02371e-18,0,1.03734e-09,0,9.52528e-19,0,1.27848e-18,0,2.15549e-24,0,2.6613e-22,0,7.68019e-26,0,2.13392e-23,0,6.44699e-22,0,1.75086e-28,0,1.03877e-05,0,1173,0,1.03892e-05,0,101325,0
90,0.135,1.19821e-35,0,2.31639e-24,0,2.50448e-19,0,1.27175e-16,0,4.868e-17,0,5.21211e-27,0,4.51024e-21,0,6.54554e-18,0,1.46462e-12,0,5.51016e-10,0,2.30374e-16,0,1.07467e-21,0,6.64337e-22,0,8.84469e-24,0,3.2926e-23,0,0,0,4.0082e-21,0,1.46473e-12,0,3.05966e-18,0,1.03733e-09,0,9.56117e-19,0,1.29381e-18,0,2.25316e-24,0,2.73263e-22,0,7.77271e-26,0,2.20905e-23,0,6.6042e-22,0,1.83809e-28,0,1.03877e-05,0,1173,0,1.03892e-05,0,101325,0
91,0.1365,8.41516e-36,0,1.62686e-24,0,1.9783e-19,0,1.06594e-16,0,4.03216e-17,0,3.4119e-27,0,3.399e-21,0,5.29451e-18,0,1.48207e-12,0,5.51064e-10,0,2.33107e-16,0,1.10933e-21,0,6.80106e-22,0,8.94996e-24,0,3.2924e-23,0,0,0,4.12725e-21,0,1.48218e-12,0,3.09561e-18,0,1.03731e-09,0,9.596e-19,0,1.30914e-18,0,2.35404e-24,0,2.8048e-22,0,7.86521e-26,0,2.28585e-23,0,6.76331e-22,0,1.92858e-28,0,1.03877e-05,0,1173,0,1.03892e-05,0,101325,0
92,0.138,5.91008e-36,0,1.14258e-24,0,1.56267e-19,0,8.93411e-17,0,3.35428e-17,0,2.23347e-27,0,2.56155e-21,0,4.28254e-18,0,1.49952e-12,0,5.51113e-10,0,2.3584e-16,0,1.14471e-21,0,6.96059e-22,0,9.05521e-24,0,3.29219e-23,0,0,0,4.24799e-21,0,1.49964e-12,0,3.13155e-18,0,1.03729e-09,0,9.62977e-19,0,1.32446e-18,0,2.45822e-24,0,2.8778e-22,0,7.95771e-26,0,2.36436e-23,0,6.92431e-22,0,2.0224e-28,0,1.03877e-05,0,1173,0,1.03892e-05,0,101325,0
93,0.1395,4.15072e-36,0,8.02466e-25,0,1.23436e-19,0,7.4879e-17,0,2.71596e-17,0,1.46205e-27,0,1.93043e-21,0,3.46395e-18,0,1.51698e-12,0,5.5116e-10,0,2.38573e-16,0,1.18082e-21,0,7.12194e-22,0,9.16046e-24,0,3.29197e-23,0,0,0,4.37041e-21,0,1.5171e-12,0,3.16749e-18,0,1.03727e-09,0,9.66255e-19,0,1.33979e-18,0,2.56576e-24,0,2.95164e-22,0,8.0502e-26,0,2.44457e-23,0,7.08722e-22,0,2.11963e-28,0,1.03877e-05,0,1173,0,1.03892e-05,0,101325,0
94,0.141,2.91511e-36,0,5.63592e-25,0,9.75025e-20,0,6.27566e-17,0,2.28497e-17,0,9.57077e-28,0,1.45481e-21,0,2.80179e-18,0,1.53444e-12,0,5.51206e-10,0,2.41306e-16,0,1.21767e-21,0,7.28512e-22,0,9.26569e-24,0,3.29176e-23,0,0,0,4.4945e-21,0,1.53455e-12,0,3.20343e-18,0,1.03726e-09,0,9.69434e-19,0,1.35512e-18,0,2.67672e-24,0,3.0263e-22,0,8.14268e-26,0,2.52651e-23,0,7.25203e-22,0,2.22036e-28,0,1.03877e-05,0,1173,0,1.03892e-05,0,101325,0
95,0.1425,2.04732e-36,0,3.95825e-25,0,7.70176e-20,0,5.25956e-17,0,2.02338e-17,0,6.26513e-28,0,1.09637e-21,0,2.26619e-18,0,1.55189e-12,0,5.51253e-10,0,2.4404e-16,0,1.25527e-21,0,7.45013e-22,0,9.37091e-24,0,3.29154e-23,0,0,0,4.62023e-21,0,1.55201e-12,0,3.23937e-18,0,1.03724e-09,0,9.72518e-19,0,1.37044e-18,0,2.79118e-24,0,3.1018e-22,0,8.23515e-26,0,2.61019e-23,0,7.41874e-22,0,2.32467e-28,0,1.03877e-05,0,1173,0,1.03892e-05,0,101325,0
96,0.144,1.43786e-36,0,2.77997e-25,0,6.08365e-20,0,4.40788e-17,0,1.71772e-17,0,4.10123e-28,0,8.26244e-22,0,1.83296e-18,0,1.56935e-12,0,5.51299e-10,0,2.46773e-16,0,1.29362e-21,0,7.61697e-22,0,9.47612e-24,0,3.29131e-23,0,0,0,4.74758e-21,0,1.56948e-12,0,3.27531e-18,0,1.03722e-09,0,9.7551e-19,0,1.38577e-18,0,2.9092e-24,0,3.17813e-22,0,8.3276e-26,0,2.69564e-23,0,7.58735e-22,0,2.43265e-28,0,1.03877e-05,0,1173,0,1.03892e-05,0,101325,0
97,0.1455,1.00983e-36,0,1.95245e-25,0,4.80549e-20,0,3.69405e-17,0,1.40028e-17,0,2.68471e-28,0,6.22672e-22,0,1.48254e-18,0,1.58682e-12,0,5.51343e-10,0,2.49505e-16,0,1.33274e-21,0,7.78565e-22,0,9.58132e-24,0,3.29108e-23,0,0,0,4.87654e-21,0,1.58694e-12,0,3.31125e-18,0,1.0372e-09,0,9.78413e-19,0,1.40109e-18,0,3.03086e-24,0,3.2553e-22,0,8.42005e-26,0,2.78285e-23,0,7.75786e-22,0,2.54438e-28,0,1.03877e-05,0,1173,0,1.03892e-05,0,101325,0
98,0.147,7.09215e-37,0,1.37125e-25,0,3.79587e-20,0,3.09576e-17,0,1.28789e-17,0,1.75744e-28,0,4.69257e-22,0,1.1991e-18,0,1.60428e-12,0,5.51388e-10,0,2.52238e-16,0,1.37262e-21,0,7.95615e-22,0,9.68651e-24,0,3.29086e-23,0,0,0,5.00709e-21,0,1.6044e-12,0,3.34718e-18,0,1.03719e-09,0,9.81229e-19,0,1.41641e-18,0,3.15623e-24,0,3.33329e-22,0,8.51249e-26,0,2.87186e-23,0,7.93028e-22,0,2.65996e-28,0,1.03877e-05,0,1173,0,1.03892e-05,0,101325,0
99,0.1485,4.98091e-37,0,9.63064e-26,0,2.99837e-20,0,2.59432e-17,0,1.1687e-17,0,1.15044e-28,0,3.53641e-22,0,9.6984e-19,0,1.62174e-12,0,5.5143e-10,0,2.54971e-16,0,1.41328e-21,0,8.12848e-22,0,9.79168e-24,0,3.29063e-23,0,0,0,5.1392e-21,0,1.62187e-12,0,3.38312e-18,0,1.03717e-09,0,9.83961e-19,0,1.43173e-18,0,3.28538e-24,0,3.41211e-22,0,8.60492e-26,0,2.96267e-23,0,8.10459e-22,0,2.77946e-28,0,1.03877e-05,0,1173,0,1.03892e-05,0,101325,0
100,0.15,3.49816e-37,0,6.76384e-26,0,2.36842e-20,0,2.17407e-17,0,8.1073e-18,0,7.5309e-29,0,2.6651e-22,0,7.84408e-19,0,1.63921e-12,0,5.51472e-10,0,2.57704e-16,0,1.45472e-21,0,8.30264e-22,0,9.89685e-24,0,3.2904e-23,0,0,0,5.27286e-21,0,1.63934e-12,0,3.41905e-18,0,1.03715e-09,0,9.86612e-19,0,1.44706e-18,0,3.41838e-24,0,3.49176e-22,0,8.69734e-26,0,3.0553e-23,0,8.28081e-22,0,2.90299e-28,0,1.03877e-05,0,1173,0,1.03892e-05,0,101325,0
101,0.158,5.27039e-38,0,1.01914e-26,0,6.71291e-21,0,8.45672e-18,0,3.50628e-18,0,7.75966e-30,0,5.86848e-23,0,2.5235e-19,0,1.73239e-12,0,5.52288e-10,0,2.72278e-16,0,1.68925e-21,0,9.26231e-22,0,1.04575e-23,0,3.28916e-23,0,0,0,6.01087e-21,0,1.73252e-12,0,3.61066e-18,0,1.03706e-09,0,9.99566e-19,0,1.52875e-18,0,4.19568e-24,0,3.93049e-22,0,9.19008e-26,0,3.58064e-23,0,9.25277e-22,0,3.63342e-28,0,1.03877e-05,0,1173,0,1.03892e-05,0,101325,0
102,0.166,7.93142e-39,0,1.53385e-27,0,1.90205e-21,0,3.28802e-18,0,1.61851e-18,0,7.97931e-31,0,1.29149e-23,0,8.11527e-20,0,1.82561e-12,0,5.53019e-10,0,2.86851e-16,0,1.94738e-21,0,1.0274e-21,0,1.10179e-23,0,3.28792e-23,0,0,0,6.78886e-21,0,1.82575e-12,0,3.80223e-18,0,1.03697e-09,0,1.01076e-18,0,1.61043e-18,0,5.09602e-24,0,4.39266e-22,0,9.68254e-26,0,4.16049e-23,0,1.02789e-21,0,4.49523e-28,0,1.03876e-05,0,1173,0,1.03892e-05,0,101325,0
103,0.174,1.19389e-39,0,2.30906e-28,0,5.38961e-22,0,1.27813e-18,0,5.96965e-19,0,8.20885e-32,0,2.84252e-24,0,2.60964e-20,0,1.91887e-12,0,5.53683e-10,0,3.01422e-16,0,2.2302e-21,0,1.13376e-21,0,1.1578e-23,0,3.28669e-23,0,0,0,7.60319e-21,0,1.91902e-12,0,3.99376e-18,0,1.03687e-09,0,1.02043e-18,0,1.69208e-18,0,6.13129e-24,0,4.87816e-22,0,1.01747e-25,0,4.79708e-23,0,1.13594e-21,0,5.50368e-28,0,1.03876e-05,0,1173,0,1.03892e-05,0,101325,0
104,0.182,1.79731e-40,0,3.47642e-29,0,1.52695e-22,0,4.9668e-19,0,9.00827e-20,0,8.4496e-33,0,6.2556e-25,0,8.39e-21,0,2.01217e-12,0,5.54291e-10,0,3.15991e-16,0,2.53882e-21,0,1.24532e-21,0,1.21378e-23,0,3.28545e-23,0,0,0,8.45006e-21,0,2.01233e-12,0,4.18525e-18,0,1.03678e-09,0,1.0288e-18,0,1.77371e-18,0,7.31381e-24,0,5.38687e-22,0,1.06666e-25,0,5.49257e-23,0,1.24942e-21,0,6.67485e-28,0,1.03876e-05,0,1173,0,1.03892e-05,0,101325,0
105,0.19,2.70678e-41,0,5.23605e-30,0,4.32713e-23,0,1.93017e-19,0,1.19072e-19,0,8.7011e-34,0,1.37712e-25,0,2.69785e-21,0,2.10552e-12,0,5.54861e-10,0,3.3056e-16,0,2.87436e-21,0,1.36206e-21,0,1.26972e-23,0,3.28422e-23,0,0,0,9.3256e-21,0,2.10569e-12,0,4.37669e-18,0,1.03669e-09,0,1.03606e-18,0,1.85532e-18,0,8.65659e-24,0,5.91867e-22,0,1.11583e-25,0,6.24916e-23,0,1.36835e-21,0,8.02593e-28,0,1.03876e-05,0,1173,0,1.03892e-05,0,101325,0
106,0.198,4.07132e-42,0,7.87634e-31,0,1.22586e-23,0,7.49948e-20,0,6.12543e-20,0,8.9392e-35,0,3.02983e-26,0,8.67298e-22,0,2.19891e-12,0,5.55394e-10,0,3.45126e-16,0,3.23792e-21,0,1.484e-21,0,1.32563e-23,0,3.28299e-23,0,0,0,1.02259e-20,0,2.19909e-12,0,4.56809e-18,0,1.03659e-09,0,1.04235e-18,0,1.9369e-18,0,1.0173e-23,0,6.47346e-22,0,1.16496e-25,0,7.06892e-23,0,1.49274e-21,0,9.57489e-28,0,1.03876e-05,0,1173,0,1.03892e-05,0,101325,0
107,0.206,6.12045e-43,0,1.18417e-31,0,3.47144e-24,0,2.91288e-20,0,2.92259e-21,0,9.17948e-36,0,6.66277e-27,0,2.78715e-22,0,2.29235e-12,0,5.55893e-10,0,3.59691e-16,0,3.63059e-21,0,1.61111e-21,0,1.38151e-23,0,3.28176e-23,0,0,0,1.11471e-20,0,2.29253e-12,0,4.75945e-18,0,1.0365e-09,0,1.04783e-18,0,2.01847e-18,0,1.18768e-23,0,7.05108e-22,0,1.21407e-25,0,7.95387e-23,0,1.62259e-21,0,1.13405e-27,0,1.03876e-05,0,1173,0,1.03892e-05,0,101325,0
108,0.214,9.22361e-44,0,1.78473e-32,0,9.83785e-25,0,1.13171e-20,0,3.74746e-21,0,9.46631e-37,0,1.46703e-27,0,8.96158e-23,0,2.38583e-12,0,5.56363e-10,0,3.74255e-16,0,4.05348e-21,0,1.7434e-21,0,1.43736e-23,0,3.28053e-23,0,0,0,1.20856e-20,0,2.38601e-12,0,4.95077e-18,0,1.0364e-09,0,1.05259e-18,0,2.1e-18,0,1.37826e-23,0,7.65141e-22,0,1.26315e-25,0,8.90605e-23,0,1.7579e-21,0,1.33428e-27,0,1.03876e-05,0,1173,0,1.03892e-05,0,101325,0
109,0.222,1.39079e-44,0,2.69139e-33,0,2.78932e-25,0,4.3982e-21,0,1.07278e-20,0,9.7651e-38,0,3.23192e-28,0,2.88263e-23,0,2.47935e-12,0,5.56808e-10,0,3.88817e-16,0,4.50771e-21,0,1.88087e-21,0,1.49318e-23,0,3.2793e-23,0,0,0,1.30377e-20,0,2.47954e-12,0,5.14205e-18,0,1.03631e-09,0,1.05675e-18,0,2.18152e-18,0,1.59052e-23,0,8.27432e-22,0,1.31221e-25,0,9.92747e-23,0,1.89871e-21,0,1.56027e-27,0,1.03876e-05,0,1173,0,1.03892e-05,0,101325,0
110,0.23,2.09815e-45,0,4.06066e-34,0,7.90883e-26,0,1.70922e-21,0,5.64165e-22,0,1.00836e-38,0,7.12104e-29,0,9.2724e-24,0,2.57291e-12,0,5.57232e-10,0,4.03378e-16,0,4.99438e-21,0,2.02352e-21,0,1.54897e-23,0,3.27808e-23,0,0,0,1.40002e-20,0,2.57311e-12,0,5.33328e-18,0,1.03622e-09,0,1.06039e-18,0,2.26301e-18,0,1.82598e-23,0,8.91966e-22,0,1.36123e-25,0,1.102e-22,0,2.045e-21,0,1.81417e-27,0,1.03876e-05,0,1173,0,1.03892e-05,0,101325,0
111,0.238,3.16397e-46,0,6.12414e-35,0,2.24236e-26,0,6.64237e-22,0,1.61549e-21,0,1.04032e-39,0,1.56872e-29,0,2.98257e-24,0,2.66651e-12,0,5.57634e-10,0,4.17937e-16,0,5.51458e-21,0,2.17133e-21,0,1.60472e-23,0,3.27686e-23,0,0,0,1.497e-20,0,2.66672e-12,0,5.52447e-18,0,1.03612e-09,0,1.06358e-18,0,2.34448e-18,0,2.08625e-23,0,9.58729e-22,0,1.41023e-25,0,1.21855e-22,0,2.1968e-21,0,2.09826e-27,0,1.03876e-05,0,1173,0,1.03892e-05,0,101325,0
112,0.246,4.77161e-47,0,9.23721e-36,0,6.35575e-27,0,2.58073e-22,0,2.0237e-21,0,1.07413e-40,0,3.45473e-30,0,9.59107e-25,0,2.76016e-12,0,5.58021e-10,0,4.32495e-16,0,6.0694e-21,0,2.3243e-21,0,1.66045e-23,0,3.27563e-23,0,0,0,1.59441e-20,0,2.76037e-12,0,5.71561e-18,0,1.03603e-09,0,1.06639e-18,0,2.42592e-18,0,2.37292e-23,0,1.0277e-21,0,1.4592e-25,0,1.34259e-22,0,2.35411e-21,0,2.4149e-27,0,1.03876e-05,0,1173,0,1.03892e-05,0,101325,0
113,0.254,7.19944e-48,0,1.39399e-36,0,1.80142e-27,0,1.00265e-22,0,9.9802e-24,0,1.11047e-41,0,7.60792e-31,0,3.08411e-25,0,2.85385e-12,0,5.58391e-10,0,4.47051e-16,0,6.65995e-21,0,2.48244e-21,0,1.71614e-23,0,3.27441e-23,0,0,0,1.69203e-20,0,2.85407e-12,0,5.90672e-18,0,1.03594e-09,0,1.06886e-18,0,2.50734e-18,0,2.68769e-23,0,1.09887e-21,0,1.50814e-25,0,1.47429e-22,0,2.51694e-21,0,2.76655e-27,0,1.03876e-05,0,1173,0,1.03892e-05,0,101325,0
114,0.262,1.08917e-48,0,2.10952e-37,0,5.11002e-28,0,3.89727e-23,0,7.14828e-23,0,1.15398e-42,0,1.67734e-31,0,9.92401e-26,0,2.94758e-12,0,5.58741e-10,0,4.61606e-16,0,7.28736e-21,0,2.64574e-21,0,1.7718e-23,0,3.27319e-23,0,0,0,1.78961e-20,0,2.94781e-12,0,6.09778e-18,0,1.03584e-09,0,1.07105e-18,0,2.58874e-18,0,3.03229e-23,0,1.17223e-21,0,1.55705e-25,0,1.61385e-22,0,2.6853e-21,0,3.1558e-27,0,1.03876e-05,0,1173,0,1.03892e-05,0,101325,0
115,0.27,1.6513e-49,0,3.19973e-38,0,1.44962e-28,0,1.51486e-23,0,9.53746e-23,0,1.20715e-43,0,3.69861e-32,0,3.19343e-26,0,3.04136e-12,0,5.59079e-10,0,4.76159e-16,0,7.95271e-21,0,2.81419e-21,0,1.82743e-23,0,3.27197e-23,0,0,0,1.88697e-20,0,3.04159e-12,0,6.2888e-18,0,1.03575e-09,0,1.07299e-18,0,2.67011e-18,0,3.40848e-23,0,1.24774e-21,0,1.60594e-25,0,1.76142e-22,0,2.85921e-21,0,3.58529e-27,0,1.03876e-05,0,1173,0,1.03892e-05,0,101325,0
116,0.278,2.51878e-50,0,4.88443e-39,0,4.118e-29,0,5.89296e-24,0,1.04652e-22,0,1.28291e-44,0,8.17118e-33,0,1.02878e-26,0,3.13518e-12,0,5.59405e-10,0,4.9071e-16,0,8.65713e-21,0,2.9878e-21,0,1.88303e-23,0,3.27075e-23,0,0,0,1.98394e-20,0,3.13542e-12,0,6.47977e-18,0,1.03565e-09,0,1.07472e-18,0,2.75146e-18,0,3.8181e-23,0,1.32541e-21,0,1.6548e-25,0,1.91719e-22,0,3.03868e-21,0,4.05781e-27,0,1.03876e-05,0,1173,0,1.03892e-05,0,101325,0
117,0.286,3.99893e-51,0,7.76481e-40,0,1.18796e-29,0,2.31241e-24,0,1.08239e-22,0,1.46476e-45,0,1.84561e-33,0,3.35586e-27,0,3.22904e-12,0,5.59717e-10,0,5.0526e-16,0,9.40208e-21,0,3.16661e-21,0,1.93859e-23,0,3.26953e-23,0,0,0,2.08039e-20,0,3.22929e-12,0,6.6707e-18,0,1.03556e-09,0,1.07626e-18,0,2.83279e-18,0,4.26334e-23,0,1.40522e-21,0,1.70363e-25,0,2.0814e-22,0,3.22378e-21,0,4.57666e-27,0,1.03876e-05,0,1173,0,1.03892e-05,0,101325,0
118,0.294,6.48666e-52,0,1.2623e-40,0,3.44502e-30,0,9.1009e-25,0,1.09644e-22,0,1.77131e-46,0,4.19999e-34,0,1.09935e-27,0,3.32294e-12,0,5.60024e-10,0,5.19809e-16,0,1.01884e-20,0,3.35056e-21,0,1.99413e-23,0,3.26832e-23,0,0,0,2.1762e-20,0,3.3232e-12,0,6.86159e-18,0,1.03547e-09,0,1.07764e-18,0,2.91409e-18,0,4.74589e-23,0,1.48716e-21,0,1.75243e-25,0,2.25417e-22,0,3.41447e-21,0,5.14454e-27,0,1.03876e-05,0,1173,0,1.03892e-05,0,101325,0
119,0.302,1.09901e-52,0,2.14637e-41,0,1.01147e-30,0,3.607e-25,0,1.10194e-22,0,2.37552e-47,0,9.72863e-35,0,3.63771e-28,0,3.41689e-12,0,5.60317e-10,0,5.34356e-16,0,1.10175e-20,0,3.53968e-21,0,2.04963e-23,0,3.2671e-23,0,0,0,2.27129e-20,0,3.41715e-12,0,7.05243e-18,0,1.03537e-09,0,1.07889e-18,0,2.99537e-18,0,5.26789e-23,0,1.5712e-21,0,1.80121e-25,0,2.43569e-22,0,3.61079e-21,0,5.76477e-27,0,1.03876e-05,0,1173,0,1.03892e-05,0,101325,0
120,0.31,1.99594e-53,0,3.91939e-42,0,3.03369e-31,0,1.44727e-25,0,1.1041e-22,0,3.68606e-48,0,2.32226e-35,0,1.22488e-28,0,3.51088e-12,0,5.606e-10,0,5.48901e-16,0,1.18907e-20,0,3.73399e-21,0,2.1051e-23,0,3.26588e-23,0,0,0,2.36558e-20,0,3.51115e-12,0,7.24323e-18,0,1.03528e-09,0,1.08001e-18,0,3.07663e-18,0,5.83167e-23,0,1.65735e-21,0,1.84996e-25,0,2.6262e-22,0,3.81281e-21,0,6.44099e-27,0,1.03876e-05,0,1173,0,1.03892e-05,0,101325,0
121,0.318,3.813e-54,0,7.54713e-43,0,9.15822e-32,0,5.82921e-26,0,1.10497e-22,0,6.4412e-49,0,5.59379e-36,0,4.14654e-29,0,3.60491e-12,0,5.60874e-10,0,5.63445e-16,0,1.28087e-20,0,3.93342e-21,0,2.16054e-23,0,3.26466e-23,0,0,0,2.45905e-20,0,3.60519e-12,0,7.43399e-18,0,1.03518e-09,0,1.08102e-18,0,3.15786e-18,0,6.43887e-23,0,1.74556e-21,0,1.89868e-25,0,2.82576e-22,0,4.02047e-21,0,7.17596e-27,0,1.03876e-05,0,1173,0,1.03892e-05,0,101325,0
122,0.326,7.8728e-55,0,1.57442e-43,0,2.804e-32,0,2.36737e-26,0,1.10532e-22,0,1.27778e-49,0,1.37416e-36,0,1.42012e-29,0,3.69898e-12,0,5.61141e-10,0,5.77987e-16,0,1.37729e-20,0,4.13801e-21,0,2.21595e-23,0,3.26344e-23,0,0,0,2.55166e-20,0,3.69927e-12,0,7.6247e-18,0,1.03509e-09,0,1.08195e-18,0,3.23907e-18,0,7.09185e-23,0,1.83583e-21,0,1.94737e-25,0,3.03458e-22,0,4.23381e-21,0,7.97346e-27,0,1.03876e-05,0,1173,0,1.03892e-05,0,101325,0
123,0.334,1.75011e-55,0,3.54234e-44,0,8.63754e-33,0,9.64895e-27,0,1.10546e-22,0,2.7689e-50,0,3.40441e-37,0,4.88814e-30,0,3.7931e-12,0,5.61402e-10,0,5.92527e-16,0,1.47841e-20,0,4.34772e-21,0,2.27132e-23,0,3.26223e-23,0,0,0,2.64342e-20,0,3.79339e-12,0,7.81537e-18,0,1.035e-09,0,1.0828e-18,0,3.32025e-18,0,7.79249e-23,0,1.92812e-21,0,1.99603e-25,0,3.25275e-22,0,4.45283e-21,0,8.83664e-27,0,1.03876e-05,0,1173,0,1.03892e-05,0,101325,0
124,0.342,4.19502e-56,0,8.59682e-45,0,2.67024e-33,0,3.94097e-27,0,1.10551e-22,0,6.3677e-51,0,8.4762e-38,0,1.68748e-30,0,3.88726e-12,0,5.61654e-10,0,6.07066e-16,0,1.58433e-20,0,4.56253e-21,0,2.32666e-23,0,3.26101e-23,0,0,0,2.73431e-20,0,3.88756e-12,0,8.00599e-18,0,1.0349e-09,0,1.08358e-18,0,3.40141e-18,0,8.54285e-23,0,2.0224e-21,0,2.04467e-25,0,3.48041e-22,0,4.67751e-21,0,9.76895e-27,0,1.03876e-05,0,1173,0,1.03892e-05,0,101325,0
125,0.35,1.08032e-56,0,2.23865e-45,0,8.27997e-34,0,1.61251e-27,0,1.10554e-22,0,1.52159e-51,0,2.11933e-38,0,5.84014e-31,0,3.98146e-12,0,5.61901e-10,0,6.21603e-16,0,1.69517e-20,0,4.78245e-21,0,2.38198e-23,0,3.25979e-23,0,0,0,2.82435e-20,0,3.98177e-12,0,8.19657e-18,0,1.03481e-09,0,1.0843e-18,0,3.48255e-18,0,9.34512e-23,0,2.11867e-21,0,2.09327e-25,0,3.71769e-22,0,4.90787e-21,0,1.07741e-26,0,1.03876e-05,0,1173,0,1.03892e-05,0,101325,0
126,0.3725,3.06201e-58,0,6.46794e-47,0,3.03963e-35,0,1.29734e-28,0,1.10555e-22,0,2.89775e-53,0,4.22729e-40,0,2.92611e-32,0,4.24664e-12,0,5.62814e-10,0,6.6248e-16,0,2.03405e-20,0,5.42825e-21,0,2.53737e-23,0,3.25637e-23,0,0,0,3.07328e-20,0,4.24696e-12,0,8.73233e-18,0,1.03454e-09,0,1.08616e-18,0,3.71061e-18,0,1.1898e-22,0,2.39978e-21,0,2.22983e-25,0,4.4377e-22,0,5.58622e-21,0,1.40223e-26,0,1.03876e-05,0,1173,0,1.03892e-05,0,101325,0
127,0.395,1.0575e-59,0,2.24729e-48,0,1.1242e-36,0,1.0487e-29,0,1.10555e-22,0,5.78721e-55,0,8.51428e-42,0,1.47652e-33,0,4.51214e-12,0,5.63675e-10,0,7.03344e-16,0,2.415e-20,0,6.11438e-21,0,2.69251e-23,0,3.25296e-23,0,0,0,3.31638e-20,0,4.51249e-12,0,9.26774e-18,0,1.03428e-09,0,1.08786e-18,0,3.93848e-18,0,1.49298e-22,0,2.69584e-21,0,2.36617e-25,0,5.238e-22,0,6.30982e-21,0,1.79639e-26,0,1.03876e-05,0,1173,0,1.03892e-05,0,101325,0
128,0.4175,3.92885e-61,0,8.36302e-50,0,4.24551e-38,0,8.58204e-31,0,1.10555e-22,0,1.19793e-56,0,1.76532e-43,0,7.69343e-35,0,4.77799e-12,0,5.6449e-10,0,7.44195e-16,0,2.84051e-20,0,6.84081e-21,0,2.8474e-23,0,3.24954e-23,0,0,0,3.55448e-20,0,4.77835e-12,0,9.80279e-18,0,1.03401e-09,0,1.08942e-18,0,4.16616e-18,0,1.84946e-22,0,3.00636e-21,0,2.50228e-25,0,6.1217e-22,0,7.07903e-21,0,2.26942e-26,0,1.03876e-05,0,1173,0,1.03892e-05,0,101325,0
129,0.44,1.5043e-62,0,3.20395e-51,0,1.63233e-39,0,7.09793e-32,0,1.10555e-22,0,2.54537e-58,0,3.75255e-45,0,5.20095e-36,0,5.04416e-12,0,5.65264e-10,0,7.85032e-16,0,3.31299e-20,0,7.60745e-21,0,3.00203e-23,0,3.24613e-23,0,0,0,3.78844e-20,0,5.04455e-12,0,1.03375e-17,0,1.03374e-09,0,1.09087e-18,0,4.39365e-18,0,2.26477e-22,0,3.3308e-21,0,2.63817e-25,0,7.0917e-22,0,7.89414e-21,0,2.83141e-26,0,1.03876e-05,0,1173,0,1.03892e-05,0,101325,0
130,0.4625,5.89204e-64,0,1.25534e-52,0,6.40224e-41,0,5.93991e-33,0,1.10555e-22,0,5.56238e-60,0,8.20343e-47,0,1.46959e-36,0,5.31067e-12,0,5.66002e-10,0,8.25856e-16,0,3.83488e-20,0,8.41422e-21,0,3.15641e-23,0,3.24272e-23,0,0,0,4.01901e-20,0,5.31108e-12,0,1.08718e-17,0,1.03348e-09,0,1.09222e-18,0,4.62094e-18,0,2.74468e-22,0,3.6686e-21,0,2.77384e-25,0,8.15083e-22,0,8.75547e-21,0,3.49313e-26,0,1.03876e-05,0,1173,0,1.03892e-05,0,101325,0
131,0.485,2.30223e-65,0,4.90642e-54,0,2.50339e-42,0,4.96253e-34,0,1.10555e-22,0,1.21673e-61,0,1.81324e-48,0,1.27178e-36,0,5.57752e-12,0,5.66708e-10,0,8.66666e-16,0,4.40848e-20,0,9.26096e-21,0,3.31053e-23,0,3.23931e-23,0,0,0,4.24683e-20,0,5.57795e-12,0,1.14058e-17,0,1.03321e-09,0,1.09348e-18,0,4.84803e-18,0,3.29493e-22,0,4.01917e-21,0,2.90928e-25,0,9.30162e-22,0,9.66322e-21,0,4.26572e-26,0,1.03876e-05,0,1173,0,1.03892e-05,0,101325,0
132,0.5075,9.30577e-67,0,1.98373e-55,0,1.01246e-43,0,4.23334e-35,0,1.10555e-22,0,3.40691e-63,0,6.94311e-50,0,1.26104e-36,0,5.84469e-12,0,5.67385e-10,0,9.07461e-16,0,5.03644e-20,0,1.01478e-20,0,3.4644e-23,0,3.2359e-23,0,0,0,4.4724e-20,0,5.84515e-12,0,1.19394e-17,0,1.03294e-09,0,1.09466e-18,0,5.07492e-18,0,3.92192e-22,0,4.38198e-21,0,3.0445e-25,0,1.05471e-21,0,1.06179e-20,0,5.16167e-26,0,1.03876e-05,0,1173,0,1.03892e-05,0,101325,0
133,0.53,3.71559e-68,0,7.92266e-57,0,4.04466e-45,0,3.58215e-36,0,1.75548e-35,0,3.53606e-64,0,9.78029e-51,0,1.64465e-37,0,6.1122e-12,0,5.68038e-10,0,9.48243e-16,0,5.72084e-20,0,1.10743e-20,0,3.61801e-23,0,3.2325e-23,0,0,0,4.69613e-20,0,6.11268e-12,0,1.24726e-17,0,1.03268e-09,0,1.09578e-18,0,5.30162e-18,0,4.6314e-22,0,4.75635e-21,0,3.17949e-25,0,1.18894e-21,0,1.16196e-20,0,6.19287e-26,0,1.03876e-05,0,1173,0,1.03892e-05,0,101325,0
134,0.5525,1.48868e-69,0,3.17509e-58,0,1.62137e-46,0,3.03733e-37,0,2.09888e-35,0,2.86949e-65,0,6.9147e-52,0,8.86333e-39,0,6.38005e-12,0,5.68662e-10,0,9.89009e-16,0,6.4642e-20,0,1.20406e-20,0,3.77136e-23,0,3.22909e-23,0,0,0,4.91833e-20,0,6.38054e-12,0,1.30054e-17,0,1.03241e-09,0,1.09683e-18,0,5.52811e-18,0,5.42986e-22,0,5.14169e-21,0,3.31425e-25,0,1.33312e-21,0,1.26686e-20,0,7.37283e-26,0,1.03876e-05,0,1173,0,1.03892e-05,0,101325,0
135,0.575,6.00224e-71,0,1.28051e-59,0,6.54063e-48,0,2.58532e-38,0,2.12751e-35,0,1.79861e-66,0,4.11671e-53,0,4.80191e-40,0,6.64822e-12,0,5.69263e-10,0,1.02976e-15,0,7.26893e-20,0,1.30467e-20,0,3.92445e-23,0,3.22569e-23,0,0,0,5.13923e-20,0,6.64873e-12,0,1.35379e-17,0,1.03214e-09,0,1.09783e-18,0,5.7544e-18,0,6.32377e-22,0,5.5374e-21,0,3.44879e-25,0,1.48749e-21,0,1.37653e-20,0,8.71543e-26,0,1.03876e-05,0,1173,0,1.03892e-05,0,101325,0
136,0.5975,2.43493e-72,0,5.19599e-61,0,2.65472e-49,0,2.20884e-39,0,2.12992e-35,0,1.03586e-67,0,2.32579e-54,0,2.61492e-41,0,6.91672e-12,0,5.69844e-10,0,1.0705e-15,0,8.13745e-20,0,1.40923e-20,0,4.07729e-23,0,3.22229e-23,0,0,0,5.35902e-20,0,6.91725e-12,0,1.407e-17,0,1.03187e-09,0,1.09877e-18,0,5.98049e-18,0,7.31965e-22,0,5.94284e-21,0,3.5831e-25,0,1.65232e-21,0,1.49101e-20,0,1.02352e-25,0,1.03876e-05,0,1173,0,1.03892e-05,0,101325,0
137,0.62,9.90796e-74,0,2.11485e-62,0,1.08079e-50,0,1.89069e-40,0,2.13012e-35,0,5.78323e-69,0,1.28882e-55,0,1.4276e-42,0,7.18556e-12,0,5.70408e-10,0,1.11122e-15,0,9.0721e-20,0,1.51775e-20,0,4.22987e-23,0,3.21888e-23,0,0,0,5.57786e-20,0,7.18611e-12,0,1.46017e-17,0,1.0316e-09,0,1.09967e-18,0,6.20637e-18,0,8.42407e-22,0,6.35735e-21,0,3.71719e-25,0,1.82782e-21,0,1.61032e-20,0,1.1947e-25,0,1.03876e-05,0,1173,0,1.03892e-05,0,101325,0
138,0.6425,4.05375e-75,0,8.65496e-64,0,4.42429e-52,0,1.62383e-41,0,2.13014e-35,0,3.20038e-70,0,7.11149e-57,0,7.82982e-44,0,7.45472e-12,0,5.70952e-10,0,1.15193e-15,0,1.00753e-19,0,1.63021e-20,0,4.38219e-23,0,3.21548e-23,0,0,0,5.79585e-20,0,7.4553e-12,0,1.5133e-17,0,1.03133e-09,0,1.10052e-18,0,6.43204e-18,0,9.64373e-22,0,6.78031e-21,0,3.85104e-25,0,2.01425e-21,0,1.73449e-20,0,1.38668e-25,0,1.03876e-05,0,1173,0,1.03892e-05,0,101325,0
139,0.665,1.66298e-76,0,3.55149e-65,0,1.81595e-53,0,1.39707e-42,0,2.13014e-35,0,1.76538e-71,0,3.9187e-58,0,4.30441e-45,0,7.72422e-12,0,5.71478e-10,0,1.19262e-15,0,1.11494e-19,0,1.7466e-20,0,4.53425e-23,0,3.21208e-23,0,0,0,6.01309e-20,0,7.72481e-12,0,1.56639e-17,0,1.03106e-09,0,1.10133e-18,0,6.65751e-18,0,1.09853e-21,0,7.21106e-21,0,3.98467e-25,0,2.21183e-21,0,1.86355e-20,0,1.60106e-25,0,1.03876e-05,0,1173,0,1.03892e-05,0,101325,0
140,0.6875,7.08579e-78,0,1.51364e-66,0,7.74171e-55,0,1.22901e-43,0,2.13014e-35,0,1.00247e-72,0,2.22485e-59,0,2.4435e-46,0,7.99404e-12,0,5.71987e-10,0,1.23329e-15,0,1.2297e-19,0,1.86692e-20,0,4.68605e-23,0,3.20868e-23,0,0,0,6.22967e-20,0,7.99466e-12,0,1.61944e-17,0,1.03079e-09,0,1.10211e-18,0,6.88277e-18,0,1.24559e-21,0,7.64896e-21,0,4.11807e-25,0,2.42083e-21,0,1.99755e-20,0,1.83961e-25,0,1.03876e-05,0,1173,0,1.03892e-05,0,101325,0
141,0.71,3.06751e-79,0,6.55446e-68,0,3.35334e-56,0,1.0916e-44,0,2.13014e-35,0,5.77389e-74,0,1.28409e-60,0,1.4271e-47,0,8.2642e-12,0,5.72482e-10,0,1.27395e-15,0,1.35204e-19,0,1.99116e-20,0,4.83759e-23,0,3.20528e-23,0,0,0,6.44565e-20,0,8.26483e-12,0,1.67246e-17,0,1.03052e-09,0,1.10284e-18,0,7.10782e-18,0,1.40621e-21,0,8.09335e-21,0,4.25124e-25,0,2.64145e-21,0,2.13651e-20,0,2.10405e-25,0,1.03876e-05,0,1173,0,1.03892e-05,0,101325,0
142,0.7325,1.35587e-80,0,2.89791e-69,0,1.48309e-57,0,9.8187e-46,0,2.13014e-35,0,3.49249e-75,0,8.02766e-62,0,1.06253e-48,0,8.53468e-12,0,5.72965e-10,0,1.3146e-15,0,1.4822e-19,0,2.11931e-20,0,4.98886e-23,0,3.20188e-23,0,0,0,6.66108e-20,0,8.53533e-12,0,1.72543e-17,0,1.03025e-09,0,1.10355e-18,0,7.33266e-18,0,1.58106e-21,0,8.54358e-21,0,4.38418e-25,0,2.87393e-21,0,2.28047e-20,0,2.39619e-25,0,1.03876e-05,0,1173,0,1.03892e-05,0,101325,0
143,0.755,6.30986e-82,0,1.34898e-70,0,6.9064e-59,0,9.11123e-47,0,2.13014e-35,0,3.29713e-76,0,1.00777e-62,0,2.92229e-49,0,8.80549e-12,0,5.73438e-10,0,1.35523e-15,0,1.62045e-19,0,2.25136e-20,0,5.13988e-23,0,3.19848e-23,0,0,0,6.87601e-20,0,8.80617e-12,0,1.77837e-17,0,1.02998e-09,0,1.10423e-18,0,7.55729e-18,0,1.77089e-21,0,8.999e-21,0,4.51689e-25,0,3.11854e-21,0,2.42946e-20,0,2.71799e-25,0,1.03876e-05,0,1173,0,1.03892e-05,0,101325,0
144,0.7775,2.93417e-83,0,6.27471e-72,0,3.21412e-60,0,8.44941e-48,0,2.13014e-35,0,1.36645e-76,0,5.79093e-63,0,2.45151e-49,0,9.07663e-12,0,5.73902e-10,0,1.39584e-15,0,1.76696e-19,0,2.38729e-20,0,5.29063e-23,0,3.19508e-23,0,0,0,7.09049e-20,0,9.07733e-12,0,1.83126e-17,0,1.02971e-09,0,1.10488e-18,0,7.78171e-18,0,1.97625e-21,0,9.45895e-21,0,4.64937e-25,0,3.37542e-21,0,2.58349e-20,0,3.07121e-25,0,1.03876e-05,0,1173,0,1.03892e-05,0,101325,0
145,0.8,1.33962e-84,0,2.86565e-73,0,1.46901e-61,0,7.74064e-49,0,2.13014e-35,0,1.24772e-76,0,5.52657e-63,0,2.42218e-49,0,9.3481e-12,0,5.74356e-10,0,1.43643e-15,0,1.92196e-19,0,2.52708e-20,0,5.44112e-23,0,3.19168e-23,0,0,0,7.30455e-20,0,9.34881e-12,0,1.88411e-17,0,1.02944e-09,0,1.10551e-18,0,8.00591e-18,0,2.19777e-21,0,9.92277e-21,0,4.78162e-25,0,3.64476e-21,0,2.74258e-20,0,3.45771e-25,0,1.03876e-05,0,1173,0,1.03892e-05,0,101325,0