Step,Time (s),Particle Count,Err,M0 (m-3),Err,Equiv. Sphere Diameter (m),Err,Collision Diameter (m),Err,Mobility Diameter (m),Err,Surface Area (m2/m3),Err,Avg. Surface Area (m2),Err,Fv,Err,Avg. Volume (m3),Err,Mass (kg/m3),Err,Avg. Mass (kg),Err,Mass2 (kg2/m6),Err,Mass3 (kg3/m9),Err,Avg num coags,Err,Max num coags,Err,silica,Err,Avg. silica,Err,Number of Si atoms (cm-3),Err,Number of O atoms (cm-3),Err,Number of OH atoms (cm-3),Err,Avg. Number of Primaries per Particle (-),Err,Avg. Primary Diameter (nm),Err,Avg. Sintering Level (-),Err,Avg. Particle Mass (kg),Err,Avg. Sintering Rate (m2/s),Err,Avg. Sintering Time (s),Err,Avg. Create Time (s),Err
0,0,0,0,0,0,0,0,0,0,0,0,0,0,0,0,0,0,0,0,0,0,0,0,0,0,0,0,0,0,0,0,0,0,0,0,0,0,0,0,0,0,0,0,0,0,0,0,0,0,0,0,0,0,0,0
1,0.0015,15,0,1.41903e+15,0,6.30818e-10,0,6.30818e-10,0,6.30818e-10,0,0.00177399,0,1.25014e-18,0,1.86511e-13,0,1.31435e-28,0,4.10323e-10,0,2.89157e-25,0,1.18648e-34,0,3.43079e-59,0,0,0,0,0,2.83807e+09,0,2,0,2.83807e+09,0,1.41903e+09,0,8.5142e+09,0,1,0,0.630818,0,0,0,2.89157e-25,0,0,0,0.000144252,0,0.00135575,0
2,0.003,1817,0,1.67649e+17,0,6.36219e-10,0,6.36219e-10,0,6.36219e-10,0,0.213572,0,1.27392e-18,0,2.2736e-11,0,1.35617e-28,0,5.00193e-08,0,2.98357e-25,0,1.52815e-32,0,4.86314e-57,0,0.0249224,0,2,0,3.48952e+11,0,2.08144,0,3.49046e+11,0,1.81413e+11,0,1.02488e+12,0,1,0,0.636219,0,0,0,2.98357e-25,0,0,0,0.000384555,0,0.0026228,0
3,0.0045,14353,0,9.56968e+17,0,6.88414e-10,0,6.88414e-10,0,6.88414e-10,0,1.45657,0,1.52207e-18,0,1.75452e-10,0,1.83341e-28,0,3.85994e-07,0,4.03351e-25,0,2.05771e-31,0,1.57419e-55,0,0.354414,0,7,0,2.87184e+12,0,3.00098,0,2.87415e+12,0,1.71988e+12,0,7.30945e+12,0,1,0,0.688414,0,0,0,4.03351e-25,0,0,0,0.000758244,0,0.00391738,0
4,0.006,16384,0,1.38551e+18,0,7.87564e-10,0,7.87564e-10,0,7.87564e-10,0,2.92523,0,2.11131e-18,0,4.56721e-10,0,3.29643e-28,0,1.00479e-06,0,7.25214e-25,0,1.65317e-30,0,4.894e-54,0,0.979546,0,16,0,8.15698e+12,0,5.88737,0,8.17768e+12,0,6.74532e+12,0,1.5743e+13,0,1,0,0.787564,0,0,0,7.25214e-25,0,0,0,0.00112076,0,0.00543866,0
5,0.0075,16384,0,1.49619e+18,0,8.62128e-10,0,8.62128e-10,0,8.62128e-10,0,4.09785,0,2.73886e-18,0,8.28039e-10,0,5.53432e-28,0,1.82169e-06,0,1.21755e-24,0,8.63206e-30,0,7.71304e-53,0,1.52344,0,34,0,1.57031e+13,0,10.4954,0,1.57782e+13,0,1.66184e+13,0,2.28387e+13,0,1,0,0.862128,0,0,0,1.21755e-24,0,0,0,0.00128838,0,0.00704002,0
6,0.009,16384,0,1.52294e+18,0,9.04472e-10,0,9.04472e-10,0,9.04472e-10,0,4.9808,0,3.27051e-18,0,1.25625e-09,0,8.24885e-28,0,2.76376e-06,0,1.81475e-24,0,3.12005e-29,0,6.67462e-52,0,1.97435,0,50,0,2.48374e+13,0,16.3088,0,2.50192e+13,0,3.03562e+13,0,2.80222e+13,0,1,0,0.904472,0,0,0,1.81475e-24,0,0,0,0.00135882,0,0.00858837,0
7,0.0105,16384,0,1.53775e+18,0,9.20035e-10,0,9.20035e-10,0,9.20035e-10,0,5.62919,0,3.66067e-18,0,1.71846e-09,0,1.11752e-27,0,3.7806e-06,0,2.45853e-24,0,8.78894e-29,0,3.79389e-51,0,2.3553,0,74,0,3.50062e+13,0,22.7646,0,3.53454e+13,0,4.67227e+13,0,3.15882e+13,0,1,0,0.920035,0,0,0,2.45853e-24,0,0,0,0.00135666,0,0.0101159,0
8,0.012,16384,0,1.44763e+18,0,9.49051e-10,0,9.49051e-10,0,9.49051e-10,0,6.03897,0,4.17161e-18,0,2.19138e-09,0,1.51377e-27,0,4.82104e-06,0,3.33029e-24,0,2.0087e-28,0,1.5306e-50,0,2.9169,0,125,0,4.55989e+13,0,31.4989,0,4.61568e+13,0,6.44337e+13,0,3.39234e+13,0,1,0,0.949051,0,0,0,3.33029e-24,0,0,0,0.00142874,0,0.0116202,0
9,0.0135,16384,0,1.37939e+18,0,9.6362e-10,0,9.6362e-10,0,9.6362e-10,0,6.32089,0,4.58238e-18,0,2.65997e-09,0,1.92836e-27,0,5.85193e-06,0,4.2424e-24,0,3.98641e-28,0,4.91155e-50,0,3.41868,0,177,0,5.61804e+13,0,40.7284,0,5.70033e+13,0,8.25888e+13,0,3.5444e+13,0,1,0,0.963619,0,3.67057e-07,0,4.2424e-24,0,5.99669e-21,0,0.0014795,0,0.0131182,0
10,0.015,16384,0,1.35812e+18,0,9.57369e-10,0,9.57369e-10,0,9.57369e-10,0,6.5219,0,4.80214e-18,0,3.11614e-09,0,2.29444e-27,0,6.8555e-06,0,5.04777e-24,0,7.14975e-28,0,1.33406e-49,0,3.78702,0,252,0,6.64575e+13,0,48.9333,0,6.75761e+13,0,1.00439e+14,0,3.6736e+13,0,1.00001,0,0.95735,0,4.61719e-06,0,5.04777e-24,0,5.75871e-18,0,0.00148162,0,0.0146134,0
11,0.0165,16384,0,1.27646e+18,0,9.6919e-10,0,9.69202e-10,0,9.69202e-10,0,6.61147,0,5.17955e-18,0,3.55181e-09,0,2.78255e-27,0,7.81398e-06,0,6.12162e-24,0,1.17105e-27,0,3.09349e-49,0,4.41484,0,328,0,7.62599e+13,0,59.7434,0,7.7679e+13,0,1.17311e+14,0,3.81277e+13,0,1.00006,0,0.96902,0,3.9307e-05,0,6.12162e-24,0,5.80208e-17,0,0.00153163,0,0.0161132,0
12,0.018,16384,0,1.1936e+18,0,9.72012e-10,0,9.72086e-10,0,9.72086e-10,0,6.60083,0,5.53019e-18,0,3.97124e-09,0,3.32711e-27,0,8.73672e-06,0,7.31965e-24,0,1.81384e-27,0,6.52477e-49,0,4.91269,0,406,0,8.53483e+13,0,71.505,0,8.70725e+13,0,1.32346e+14,0,4.11532e+13,0,1.00028,0,0.971134,0,0.000190631,0,7.31965e-24,0,1.71461e-16,0,0.00159378,0,0.0175781,0
13,0.0195,16384,0,1.10116e+18,0,9.86678e-10,0,9.86979e-10,0,9.86979e-10,0,6.5805,0,5.97595e-18,0,4.36755e-09,0,3.9663e-27,0,9.6086e-06,0,8.72586e-24,0,2.65549e-27,0,1.25538e-48,0,5.59611,0,530,0,9.36984e+13,0,85.0903,0,9.5737e+13,0,1.45983e+14,0,4.4897e+13,0,1.00095,0,0.983894,0,0.000550538,0,8.72586e-24,0,2.77752e-16,0,0.00170405,0,0.0190605,0
14,0.021,16384,0,9.51734e+17,0,1.00046e-09,0,1.0013e-09,0,1.0013e-09,0,6.33335,0,6.65453e-18,0,4.7088e-09,0,4.9476e-27,0,1.03594e-05,0,1.08847e-23,0,3.70799e-27,0,2.22333e-48,0,6.611,0,737,0,1.00952e+14,0,106.072,0,1.03356e+14,0,1.59399e+14,0,4.6285e+13,0,1.00228,0,0.99412,0,0.00113415,0,1.08847e-23,0,5.54208e-16,0,0.00182757,0,0.0205344,0
15,0.0225,16384,0,9.04654e+17,0,9.93304e-10,0,9.95118e-10,0,9.95118e-10,0,6.27,0,6.93083e-18,0,5.03828e-09,0,5.56929e-27,0,1.10842e-05,0,1.22524e-23,0,5.01694e-27,0,3.78836e-48,0,7.09847,0,930,0,1.07733e+14,0,119.087,0,1.10528e+14,0,1.7276e+14,0,4.75431e+13,0,1.00447,0,0.981715,0,0.00187626,0,1.22524e-23,0,2.23196e-15,0,0.00183414,0,0.0220408,0
16,0.024,16384,0,8.06107e+17,0,1.01039e-09,0,1.01384e-09,0,1.01384e-09,0,6.13136,0,7.60613e-18,0,5.31611e-09,0,6.59479e-27,0,1.16954e-05,0,1.45085e-23,0,6.55912e-27,0,6.10619e-48,0,8.07221,0,1184,0,1.13401e+14,0,140.677,0,1.16621e+14,0,1.85412e+14,0,4.72275e+13,0,1.00784,0,0.991252,0,0.00282852,0,1.45085e-23,0,1.56992e-15,0,0.00198219,0,0.0235169,0
17,0.0255,16384,0,7.24864e+17,0,1.00315e-09,0,1.0087e-09,0,1.0087e-09,0,5.94977,0,8.20812e-18,0,5.56627e-09,0,7.67905e-27,0,1.22458e-05,0,1.68939e-23,0,8.31616e-27,0,9.4197e-48,0,8.96229,0,1426,0,1.18386e+14,0,163.322,0,1.22071e+14,0,1.97638e+14,0,4.62165e+13,0,1.0113,0,0.977375,0,0.00340028,0,1.68939e-23,0,1.9938e-15,0,0.00201675,0,0.0249873,0
18,0.027,16384,0,6.66547e+17,0,9.9748e-10,0,1.00577e-09,0,1.00577e-09,0,5.8391,0,8.76022e-18,0,5.79148e-09,0,8.68877e-27,0,1.27413e-05,0,1.91153e-23,0,1.03267e-26,0,1.4013e-47,0,9.81856,0,1792,0,1.227e+14,0,184.084,0,1.26849e+14,0,2.08849e+14,0,4.53265e+13,0,1.01587,0,0.963009,0,0.00421619,0,1.91153e-23,0,2.68572e-15,0,0.00209416,0,0.0264068,0
19,0.0285,16384,0,5.69781e+17,0,1.03913e-09,0,1.05142e-09,0,1.05142e-09,0,5.73598,0,1.0067e-17,0,5.99016e-09,0,1.05131e-26,0,1.31784e-05,0,2.31288e-23,0,1.26196e-26,0,2.03363e-47,0,11.5815,0,2104,0,1.26372e+14,0,221.79,0,1.31011e+14,0,2.19238e+14,0,4.41602e+13,0,1.02303,0,0.991649,0,0.00548425,0,2.31288e-23,0,2.84096e-15,0,0.00235911,0,0.0278608,0
20,0.03,16384,0,4.59754e+17,0,1.08597e-09,0,1.10444e-09,0,1.10444e-09,0,5.55741,0,1.20878e-17,0,6.15927e-09,0,1.33969e-26,0,1.35504e-05,0,2.94731e-23,0,1.51502e-26,0,2.84655e-47,0,14.147,0,2398,0,1.29438e+14,0,281.536,0,1.34608e+14,0,2.2911e+14,0,4.21088e+13,0,1.03296,0,1.02147,0,0.0068336,0,2.94731e-23,0,3.57808e-15,0,0.00268045,0,0.0292947,0
21,0.0315,16384,0,4.55992e+17,0,1.05614e-09,0,1.07828e-09,0,1.07828e-09,0,5.55489,0,1.2182e-17,0,6.31672e-09,0,1.38527e-26,0,1.38968e-05,0,3.04759e-23,0,1.79401e-26,0,3.91334e-47,0,14.2572,0,2702,0,1.3212e+14,0,289.741,0,1.37791e+14,0,2.38073e+14,0,4.06893e+13,0,1.03803,0,0.986645,0,0.00655515,0,3.04759e-23,0,4.0897e-15,0,0.00256009,0,0.0308455,0
22,0.033,16384,0,3.53032e+17,0,1.12854e-09,0,1.16064e-09,0,1.16064e-09,0,5.39851,0,1.52918e-17,0,6.44782e-09,0,1.82641e-26,0,1.41852e-05,0,4.01811e-23,0,2.09912e-26,0,5.26538e-47,0,18.1556,0,3010,0,1.34338e+14,0,380.526,0,1.40478e+14,0,2.4622e+14,0,3.88002e+13,0,1.0548,0,1.0325,0,0.00871912,0,4.01811e-23,0,4.65129e-15,0,0.00295785,0,0.0322927,0
23,0.0345,16384,0,3.22475e+17,0,1.11752e-09,0,1.15686e-09,0,1.15686e-09,0,5.33013,0,1.65288e-17,0,6.56673e-09,0,2.03635e-26,0,1.44468e-05,0,4.47998e-23,0,2.42173e-26,0,6.89107e-47,0,19.3975,0,3273,0,1.36255e+14,0,422.528,0,1.42867e+14,0,2.53419e+14,0,3.73481e+13,0,1.06501,0,1.00879,0,0.0090689,0,4.47998e-23,0,5.88355e-15,0,0.00283199,0,0.0338966,0
24,0.036,16384,0,2.95319e+17,0,1.12414e-09,0,1.1709e-09,0,1.1709e-09,0,5.28617,0,1.78998e-17,0,6.66787e-09,0,2.25785e-26,0,1.46693e-05,0,4.96727e-23,0,2.777e-26,0,8.98721e-47,0,20.7827,0,3508,0,1.3778e+14,0,466.544,0,1.4483e+14,0,2.59579e+14,0,3.61909e+13,0,1.07615,0,1.00321,0,0.00922914,0,4.96727e-23,0,5.12091e-15,0,0.00298928,0,0.0352978,0
25,0.0375,16384,0,2.07247e+17,0,1.27494e-09,0,1.34613e-09,0,1.34613e-09,0,5.15846,0,2.48903e-17,0,6.75486e-09,0,3.25932e-26,0,1.48607e-05,0,7.17051e-23,0,3.14447e-26,0,1.13818e-46,0,29.1081,0,3769,0,1.39072e+14,0,671.044,0,1.46536e+14,0,2.65146e+14,0,3.49141e+13,0,1.11157,0,1.1079,0,0.0112062,0,7.17051e-23,0,7.53154e-15,0,0.00369809,0,0.0367557,0
26,0.039,16384,0,1.7867e+17,0,1.32697e-09,0,1.41468e-09,0,1.41468e-09,0,5.11962,0,2.86541e-17,0,6.83615e-09,0,3.82614e-26,0,1.50395e-05,0,8.41751e-23,0,3.55547e-26,0,1.43669e-46,0,32.9092,0,4099,0,1.40222e+14,0,784.813,0,1.48074e+14,0,2.7005e+14,0,3.40939e+13,0,1.13373,0,1.13129,0,0.0126227,0,8.41751e-23,0,6.41054e-15,0,0.0039155,0,0.0382522,0
27,0.0405,16384,0,1.47908e+17,0,1.41742e-09,0,1.52819e-09,0,1.52819e-09,0,5.06943,0,3.42742e-17,0,6.89996e-09,0,4.66503e-26,0,1.51799e-05,0,1.02631e-22,0,3.95769e-26,0,1.76954e-46,0,38.8401,0,4391,0,1.41068e+14,0,953.755,0,1.49276e+14,0,2.74027e+14,0,3.33379e+13,0,1.16669,0,1.18478,0,0.0136367,0,1.02631e-22,0,6.76876e-15,0,0.00438514,0,0.0397098,0
28,0.042,16384,0,1.45724e+17,0,1.38119e-09,0,1.4988e-09,0,1.4988e-09,0,5.06451,0,3.47542e-17,0,6.95919e-09,0,4.7756e-26,0,1.53102e-05,0,1.05063e-22,0,4.38102e-26,0,2.14322e-46,0,38.3587,0,4641,0,1.41806e+14,0,973.114,0,1.50343e+14,0,2.77585e+14,0,3.2844e+13,0,1.17858,0,1.14661,0,0.0125383,0,1.05063e-22,0,6.75092e-15,0,0.00421568,0,0.0412291,0
29,0.0435,16384,0,1.08606e+17,0,1.58367e-09,0,1.74652e-09,0,1.74652e-09,0,5.01402,0,4.6167e-17,0,7.007e-09,0,6.45175e-26,0,1.54154e-05,0,1.41938e-22,0,4.80455e-26,0,2.5597e-46,0,50.2748,0,4847,0,1.42361e+14,0,1310.8,0,1.51202e+14,0,2.80566e+14,0,3.23465e+13,0,1.23818,0,1.27557,0,0.0153182,0,1.41938e-22,0,7.03573e-15,0,0.0054701,0,0.0424545,0
30,0.045,16384,0,1.03291e+17,0,1.58906e-09,0,1.76352e-09,0,1.76352e-09,0,4.98952,0,4.83056e-17,0,7.05203e-09,0,6.82736e-26,0,1.55145e-05,0,1.50202e-22,0,5.24165e-26,0,3.01361e-46,0,51.2503,0,4994,0,1.42893e+14,0,1383.41,0,1.52027e+14,0,2.83203e+14,0,3.20117e+13,0,1.25651,0,1.26742,0,0.015149,0,1.50202e-22,0,7.35483e-15,0,0.00542869,0,0.0440732,0
31,0.0465,16384,0,9.22781e+16,0,1.64413e-09,0,1.84502e-09,0,1.84502e-09,0,4.9713,0,5.38731e-17,0,7.08635e-09,0,7.67934e-26,0,1.559e-05,0,1.68946e-22,0,5.68489e-26,0,3.51759e-46,0,55.7298,0,5125,0,1.43268e+14,0,1552.57,0,1.52655e+14,0,2.85481e+14,0,3.15052e+13,0,1.29659,0,1.28967,0,0.0153586,0,1.68946e-22,0,8.25031e-15,0,0.00583913,0,0.0454881,0
32,0.048,16384,0,5.99256e+16,0,2.09936e-09,0,2.41422e-09,0,2.41422e-09,0,4.91857,0,8.20779e-17,0,7.11714e-09,0,1.18766e-25,0,1.56577e-05,0,2.61286e-22,0,6.14407e-26,0,4.07944e-46,0,83.0117,0,5258,0,1.43624e+14,0,2396.7,0,1.53234e+14,0,2.87552e+14,0,3.09997e+13,0,1.44417,0,1.57048,0,0.0214533,0,2.61286e-22,0,9.28723e-15,0,0.0076877,0,0.0472722,0
33,0.0495,16384,0,5.58168e+16,0,2.14422e-09,0,2.48626e-09,0,2.48626e-09,0,4.89627,0,8.77203e-17,0,7.14385e-09,0,1.27987e-25,0,1.57165e-05,0,2.81572e-22,0,6.56076e-26,0,4.61828e-46,0,86.3359,0,5356,0,1.43903e+14,0,2578.12,0,1.53725e+14,0,2.89152e+14,0,3.07638e+13,0,1.47117,0,1.58784,0,0.0210158,0,2.81572e-22,0,8.10548e-15,0,0.00801448,0,0.0486714,0
34,0.051,16384,0,3.78225e+16,0,2.77405e-09,0,3.28851e-09,0,3.28851e-09,0,4.87349,0,1.28852e-16,0,7.1656e-09,0,1.89454e-25,0,1.57643e-05,0,4.16798e-22,0,7.02644e-26,0,5.2593e-46,0,123.424,0,5480,0,1.44135e+14,0,3810.83,0,1.54137e+14,0,2.90638e+14,0,3.03811e+13,0,1.70008,0,1.97338,0,0.0274565,0,4.16798e-22,0,1.1133e-14,0,0.0110305,0,0.0502224,0
35,0.0525,16384,0,2.09487e+16,0,4.37334e-09,0,5.30702e-09,0,5.30702e-09,0,4.83994,0,2.31038e-16,0,7.18293e-09,0,3.42882e-25,0,1.58024e-05,0,7.5434e-22,0,7.4738e-26,0,5.89852e-46,0,215.535,0,5563,0,1.44295e+14,0,6888.03,0,1.54458e+14,0,2.91765e+14,0,3.01409e+13,0,2.20049,0,2.97324,0,0.0458979,0,7.5434e-22,0,1.40513e-14,0,0.0191596,0,0.0513652,0
36,0.054,16384,0,3.70288e+16,0,2.67914e-09,0,3.20693e-09,0,3.20693e-09,0,4.8221,0,1.30226e-16,0,7.19865e-09,0,1.94407e-25,0,1.5837e-05,0,4.27695e-22,0,7.94704e-26,0,6.63368e-46,0,117.387,0,5676,0,1.44433e+14,0,3900.56,0,1.54742e+14,0,2.92629e+14,0,3.00843e+13,0,1.71931,0,1.87916,0,0.0254257,0,4.27695e-22,0,8.83236e-15,0,0.0109382,0,0.0530312,0
37,0.0555,16384,0,2.01557e+16,0,4.27182e-09,0,5.25942e-09,0,5.25942e-09,0,4.81774,0,2.39027e-16,0,7.21047e-09,0,3.57739e-25,0,1.5863e-05,0,7.87027e-22,0,8.40987e-26,0,7.41356e-46,0,208.942,0,5801,0,1.4454e+14,0,7171.19,0,1.54979e+14,0,2.93501e+14,0,2.9794e+13,0,2.31727,0,2.8378,0,0.0431752,0,7.87027e-22,0,1.35548e-14,0,0.0198059,0,0.0534392,0
38,0.057,16384,0,2.31291e+16,0,3.68965e-09,0,4.54914e-09,0,4.54914e-09,0,4.79117,0,2.07149e-16,0,7.22287e-09,0,3.12286e-25,0,1.58903e-05,0,6.87028e-22,0,8.90303e-26,0,8.26478e-46,0,176.039,0,5927,0,1.44648e+14,0,6253.96,0,1.55201e+14,0,2.94268e+14,0,2.96712e+13,0,2.18442,0,2.44273,0,0.0359664,0,6.87028e-22,0,1.09752e-14,0,0.0165169,0,0.0557252,0
39,0.0585,16384,0,1.62095e+16,0,4.85539e-09,0,6.08872e-09,0,6.08872e-09,0,4.77464,0,2.94559e-16,0,7.23159e-09,0,4.46134e-25,0,1.59095e-05,0,9.81495e-22,0,9.39734e-26,0,9.18672e-46,0,242.718,0,5973,0,1.44716e+14,0,8927.86,0,1.5537e+14,0,2.94956e+14,0,2.94234e+13,0,2.59091,0,3.1323,0,0.0478518,0,9.81495e-22,0,1.29539e-14,0,0.0224571,0,0.0571674,0
40,0.06,16384,0,9.33369e+15,0,7.75099e-09,0,9.88073e-09,0,9.88073e-09,0,4.73937,0,5.07771e-16,0,7.23839e-09,0,7.75513e-25,0,1.59245e-05,0,1.70613e-21,0,9.89194e-26,0,1.01393e-45,0,407.093,0,5986,0,1.44762e+14,0,15509.6,0,1.5551e+14,0,2.95473e+14,0,2.92359e+13,0,3.5847,0,4.84206,0,0.0816371,0,1.70613e-21,0,1.59809e-14,0,0.0374857,0,0.0582894,0
41,0.0615,16384,0,9.08721e+15,0,7.73953e-09,0,9.92099e-09,0,9.92099e-09,0,4.72061,0,5.19479e-16,0,7.24596e-09,0,7.9738e-25,0,1.59411e-05,0,1.75424e-21,0,1.03809e-25,0,1.11809e-45,0,403.97,0,5991,0,1.44831e+14,0,15937.9,0,1.55663e+14,0,2.95916e+14,0,2.9156e+13,0,3.50866,0,4.82697,0,0.0810179,0,1.75424e-21,0,1.20119e-14,0,0.0376238,0,0.0596373,0
42,0.063,16384,0,1.87759e+16,0,3.98031e-09,0,5.01458e-09,0,5.01458e-09,0,4.66894,0,2.48666e-16,0,7.25366e-09,0,3.86328e-25,0,1.59581e-05,0,8.49922e-22,0,1.08763e-25,0,1.2211e-45,0,189.355,0,6008,0,1.44914e+14,0,7718.06,0,1.5581e+14,0,2.96236e+14,0,2.92123e+13,0,2.24295,0,2.56914,0,0.0386734,0,8.49922e-22,0,6.42898e-15,0,0.0181239,0,0.0620849,0
43,0.0645,16384,0,8.63681e+15,0,7.72337e-09,0,9.99753e-09,0,9.99753e-09,0,4.66195,0,5.39776e-16,0,7.25742e-09,0,8.40289e-25,0,1.59663e-05,0,1.84864e-21,0,1.13305e-25,0,1.3214e-45,0,400.586,0,6025,0,1.44943e+14,0,16782,0,1.55886e+14,0,2.96535e+14,0,2.90992e+13,0,3.81031,0,4.65804,0,0.0789891,0,1.84864e-21,0,1.40098e-14,0,0.0388985,0,0.0623753,0
44,0.066,16384,0,8.38797e+15,0,7.71872e-09,0,1.00619e-08,0,1.00619e-08,0,4.65073,0,5.54452e-16,0,7.26005e-09,0,8.65532e-25,0,1.59721e-05,0,1.90417e-21,0,1.18396e-25,0,1.43932e-45,0,398.752,0,6028,0,1.44958e+14,0,17281.7,0,1.55947e+14,0,2.96767e+14,0,2.8984e+13,0,3.82351,0,4.63308,0,0.0781486,0,1.90417e-21,0,1.12833e-14,0,0.0390245,0,0.0637657,0
45,0.0675,16384,0,8.18295e+15,0,7.69752e-09,0,1.00946e-08,0,1.00946e-08,0,4.63277,0,5.66149e-16,0,7.26291e-09,0,8.87566e-25,0,1.59784e-05,0,1.95265e-21,0,1.23476e-25,0,1.55914e-45,0,395.35,0,6035,0,1.44968e+14,0,17715.8,0,1.56002e+14,0,2.96969e+14,0,2.89277e+13,0,3.90171,0,4.5712,0,0.0770646,0,1.95265e-21,0,1.09442e-14,0,0.0399067,0,0.0641245,0
46,0.069,16384,0,4.66678e+15,0,1.26874e-08,0,1.69086e-08,0,1.69086e-08,0,4.62608,0,9.91279e-16,0,7.26496e-09,0,1.55674e-24,0,1.59829e-05,0,3.42482e-21,0,1.28473e-25,0,1.68342e-45,0,670.939,0,6043,0,1.4498e+14,0,31066.5,0,1.56055e+14,0,2.9719e+14,0,2.879e+13,0,5.99292,0,7.30631,0,0.128474,0,3.42482e-21,0,1.57105e-14,0,0.0668066,0,0.0648447,0
47,0.0705,16384,0,7.77646e+15,0,7.66985e-09,0,1.01897e-08,0,1.01897e-08,0,4.60804,0,5.92563e-16,0,7.26621e-09,0,9.34386e-25,0,1.59857e-05,0,2.05565e-21,0,1.33709e-25,0,1.82145e-45,0,389.462,0,6045,0,1.44982e+14,0,18643.7,0,1.56096e+14,0,2.97345e+14,0,2.86749e+13,0,3.90324,0,4.509,0,0.0746619,0,2.05565e-21,0,7.64533e-15,0,0.0393598,0,0.0675281,0
48,0.072,16384,0,1.09007e+16,0,5.52556e-09,0,7.29834e-09,0,7.29834e-09,0,4.56044,0,4.18363e-16,0,7.2678e-09,0,6.6673e-25,0,1.59892e-05,0,1.46681e-21,0,1.38504e-25,0,1.94822e-45,0,270.289,0,6059,0,1.44986e+14,0,13300.7,0,1.56128e+14,0,2.97498e+14,0,2.86007e+13,0,3.15706,0,3.25649,0,0.0524473,0,1.46681e-21,0,6.41686e-15,0,0.0280748,0,0.0698584,0
49,0.0735,16384,0,7.44525e+15,0,7.63276e-09,0,1.02428e-08,0,1.02428e-08,0,4.55825,0,6.12236e-16,0,7.26818e-09,0,9.76217e-25,0,1.599e-05,0,2.14768e-21,0,1.43537e-25,0,2.08845e-45,0,385.416,0,6074,0,1.44981e+14,0,19472.9,0,1.56148e+14,0,2.9767e+14,0,2.84365e+13,0,4.23429,0,4.32736,0,0.07339,0,2.14768e-21,0,9.1919e-15,0,0.0411137,0,0.0697264,0
50,0.075,16384,0,3.97365e+15,0,1.34285e-08,0,1.83659e-08,0,1.83659e-08,0,4.56904,0,1.14984e-15,0,7.26888e-09,0,1.82927e-24,0,1.59915e-05,0,4.0244e-21,0,1.48194e-25,0,2.21258e-45,0,701.563,0,6081,0,1.44982e+14,0,36486,0,1.56172e+14,0,2.97831e+14,0,2.82998e+13,0,6.96092,0,7.34427,0,0.130111,0,4.0244e-21,0,1.50663e-14,0,0.0729598,0,0.069557,0
51,0.0765,16384,0,3.85395e+15,0,1.35597e-08,0,1.86505e-08,0,1.86505e-08,0,4.56619,0,1.18481e-15,0,7.27037e-09,0,1.88647e-24,0,1.59948e-05,0,4.15024e-21,0,1.52857e-25,0,2.35209e-45,0,704.07,0,6081,0,1.45004e+14,0,37624.9,0,1.56213e+14,0,2.9794e+14,0,2.8246e+13,0,6.95045,0,7.41503,0,0.129783,0,4.15024e-21,0,1.21003e-14,0,0.0744691,0,0.0696117,0
52,0.078,16384,0,3.7235e+15,0,1.37149e-08,0,1.89629e-08,0,1.89629e-08,0,4.55175,0,1.22244e-15,0,7.26991e-09,0,1.95244e-24,0,1.59938e-05,0,4.29537e-21,0,1.5782e-25,0,2.50227e-45,0,708.247,0,6082,0,1.44992e+14,0,38939.6,0,1.56215e+14,0,2.98018e+14,0,2.81333e+13,0,7.01088,0,7.46713,0,0.129637,0,4.29537e-21,0,1.10097e-14,0,0.075987,0,0.069664,0
53,0.0795,16384,0,3.61328e+15,0,1.38429e-08,0,1.92225e-08,0,1.92225e-08,0,4.53739,0,1.25576e-15,0,7.27058e-09,0,2.01219e-24,0,1.59953e-05,0,4.42681e-21,0,1.62971e-25,0,2.66261e-45,0,711.558,0,6082,0,1.45003e+14,0,40130.6,0,1.56236e+14,0,2.98061e+14,0,2.81099e+13,0,7.08316,0,7.51288,0,0.129833,0,4.42681e-21,0,9.69756e-15,0,0.0774933,0,0.0697002,0
54,0.081,16384,0,3.50204e+15,0,1.39961e-08,0,1.95189e-08,0,1.95189e-08,0,4.52191,0,1.29122e-15,0,7.27047e-09,0,2.07607e-24,0,1.5995e-05,0,4.56735e-21,0,1.67741e-25,0,2.8173e-45,0,715.881,0,6082,0,1.45004e+14,0,41405.7,0,1.56246e+14,0,2.98112e+14,0,2.80377e+13,0,7.18088,0,7.55797,0,0.131618,0,4.56735e-21,0,8.74889e-15,0,0.0790113,0,0.0697563,0
55,0.0825,16384,0,3.39996e+15,0,1.41274e-08,0,1.97919e-08,0,1.97919e-08,0,4.50777,0,1.32583e-15,0,7.27039e-09,0,2.13838e-24,0,1.59949e-05,0,4.70443e-21,0,1.7289e-25,0,2.99378e-45,0,718.598,0,6082,0,1.45002e+14,0,42648.2,0,1.56255e+14,0,2.98178e+14,0,2.79533e+13,0,7.27795,0,7.59156,0,0.130341,0,4.70443e-21,0,8.0947e-15,0,0.0805151,0,0.0697795,0
56,0.084,16384,0,3.30422e+15,0,1.42547e-08,0,2.00591e-08,0,2.00591e-08,0,4.49367,0,1.35998e-15,0,7.27093e-09,0,2.2005e-24,0,1.5996e-05,0,4.84109e-21,0,1.77748e-25,0,3.15574e-45,0,721.183,0,6082,0,1.45011e+14,0,43886.7,0,1.56273e+14,0,2.98235e+14,0,2.79123e+13,0,7.38347,0,7.61777,0,0.129262,0,4.84109e-21,0,7.73563e-15,0,0.0820196,0,0.0698321,0
57,0.0855,16384,0,3.21243e+15,0,1.4383e-08,0,2.03266e-08,0,2.03266e-08,0,4.47973,0,1.3945e-15,0,7.27048e-09,0,2.26324e-24,0,1.59951e-05,0,4.97912e-21,0,1.82816e-25,0,3.33387e-45,0,724.009,0,6082,0,1.45001e+14,0,45137.5,0,1.56273e+14,0,2.98269e+14,0,2.78453e+13,0,7.49812,0,7.64227,0,0.1284,0,4.97912e-21,0,6.92855e-15,0,0.0835227,0,0.0698621,0
58,0.087,16384,0,3.13186e+15,0,1.44943e-08,0,2.05674e-08,0,2.05674e-08,0,4.46803,0,1.42664e-15,0,7.2704e-09,0,2.32143e-24,0,1.59949e-05,0,5.10715e-21,0,1.87881e-25,0,3.52134e-45,0,726.348,0,6082,0,1.45009e+14,0,46301.4,0,1.56283e+14,0,2.98276e+14,0,2.78151e+13,0,7.60149,0,7.66737,0,0.127261,0,5.10715e-21,0,6.51306e-15,0,0.0850219,0,0.0699091,0
59,0.0885,16384,0,3.04017e+15,0,1.46392e-08,0,2.08663e-08,0,2.08663e-08,0,4.45539,0,1.46551e-15,0,7.27089e-09,0,2.39161e-24,0,1.5996e-05,0,5.26154e-21,0,1.93236e-25,0,3.71206e-45,0,729.422,0,6082,0,1.45016e+14,0,47700,0,1.56293e+14,0,2.98302e+14,0,2.78124e+13,0,7.74923,0,7.69173,0,0.128012,0,5.26154e-21,0,6.41581e-15,0,0.0865433,0,0.0699289,0
60,0.09,16384,0,2.96186e+15,0,1.47583e-08,0,2.11256e-08,0,2.11256e-08,0,4.44333,0,1.50018e-15,0,7.27073e-09,0,2.45479e-24,0,1.59956e-05,0,5.40053e-21,0,1.98159e-25,0,3.89234e-45,0,733.064,0,6082,0,1.45014e+14,0,48960.3,0,1.56296e+14,0,2.98332e+14,0,2.77674e+13,0,7.88115,0,7.70437,0,0.128461,0,5.40053e-21,0,6.02397e-15,0,0.0880516,0,0.0699633,0
61,0.0915,16384,0,2.86992e+15,0,1.49356e-08,0,2.14905e-08,0,2.14905e-08,0,4.43339,0,1.54478e-15,0,7.27039e-09,0,2.53331e-24,0,1.59949e-05,0,5.57328e-21,0,2.02992e-25,0,4.07786e-45,0,738.989,0,6082,0,1.45007e+14,0,50526.5,0,1.56296e+14,0,2.98353e+14,0,2.77222e+13,0,8.06008,0,7.72939,0,0.128456,0,5.57328e-21,0,5.90044e-15,0,0.0895755,0,0.0700018,0
62,0.093,16384,0,2.76202e+15,0,1.51603e-08,0,2.1949e-08,0,2.1949e-08,0,4.42007,0,1.6003e-15,0,7.26969e-09,0,2.63202e-24,0,1.59933e-05,0,5.79044e-21,0,2.08855e-25,0,4.31193e-45,0,747.071,0,6082,0,1.44989e+14,0,52493.9,0,1.56286e+14,0,2.98416e+14,0,2.76241e+13,0,8.30201,0,7.75241,0,0.129751,0,5.79044e-21,0,5.65134e-15,0,0.0911027,0,0.0700973,0
63,0.0945,16384,0,2.68113e+15,0,1.53222e-08,0,2.22871e-08,0,2.22871e-08,0,4.40721,0,1.64379e-15,0,7.26887e-09,0,2.71112e-24,0,1.59915e-05,0,5.96446e-21,0,2.14279e-25,0,4.53546e-45,0,752.934,0,6082,0,1.44974e+14,0,54072,0,1.56277e+14,0,2.98452e+14,0,2.75417e+13,0,8.49097,0,7.76538,0,0.130754,0,5.96446e-21,0,5.36663e-15,0,0.0926112,0,0.0701289,0
64,0.096,16384,0,2.6101e+15,0,1.54637e-08,0,2.25885e-08,0,2.25885e-08,0,4.39569,0,1.6841e-15,0,7.26855e-09,0,2.78477e-24,0,1.59908e-05,0,6.1265e-21,0,2.19434e-25,0,4.74464e-45,0,756.146,0,6082,0,1.44966e+14,0,55540.5,0,1.56276e+14,0,2.9848e+14,0,2.74908e+13,0,8.66218,0,7.77789,0,0.131378,0,6.1265e-21,0,5.16398e-15,0,0.0941149,0,0.0702026,0
65,0.0975,16384,0,2.5474e+15,0,1.55872e-08,0,2.28576e-08,0,2.28576e-08,0,4.38477,0,1.72127e-15,0,7.26793e-09,0,2.85308e-24,0,1.59894e-05,0,6.27677e-21,0,2.2446e-25,0,4.95362e-45,0,759.093,0,6082,0,1.44965e+14,0,56907,0,1.56277e+14,0,2.98478e+14,0,2.74437e+13,0,8.81893,0,7.79276,0,0.130527,0,6.27677e-21,0,5.06992e-15,0,0.0956167,0,0.0702486,0
66,0.099,16384,0,2.49326e+15,0,1.56941e-08,0,2.30948e-08,0,2.30948e-08,0,4.37582,0,1.75506e-15,0,7.26867e-09,0,2.91533e-24,0,1.59911e-05,0,6.41372e-21,0,2.29345e-25,0,5.16466e-45,0,761.046,0,6082,0,1.44978e+14,0,58147.8,0,1.56291e+14,0,2.9849e+14,0,2.74665e+13,0,8.95483,0,7.81077,0,0.129412,0,6.41372e-21,0,4.88835e-15,0,0.097121,0,0.0702803,0
67,0.1005,16384,0,2.43799e+15,0,1.58105e-08,0,2.33524e-08,0,2.33524e-08,0,4.36699,0,1.79122e-15,0,7.26814e-09,0,2.9812e-24,0,1.59899e-05,0,6.55864e-21,0,2.34216e-25,0,5.37786e-45,0,764.62,0,6082,0,1.44976e+14,0,59465.3,0,1.5629e+14,0,2.98497e+14,0,2.74201e+13,0,9.10862,0,7.82131,0,0.129084,0,6.55864e-21,0,4.8289e-15,0,0.0986221,0,0.0703175,0
68,0.102,16384,0,2.38545e+15,0,1.59238e-08,0,2.36057e-08,0,2.36057e-08,0,4.35837,0,1.82706e-15,0,7.26794e-09,0,3.04677e-24,0,1.59895e-05,0,6.7029e-21,0,2.38997e-25,0,5.58968e-45,0,767.897,0,6082,0,1.44976e+14,0,60775,0,1.56291e+14,0,2.98522e+14,0,2.73786e+13,0,9.25566,0,7.83028,0,0.129173,0,6.7029e-21,0,4.7621e-15,0,0.100124,0,0.0703371,0
69,0.1035,16384,0,2.3349e+15,0,1.60394e-08,0,2.38582e-08,0,2.38582e-08,0,4.34866,0,1.86246e-15,0,7.26761e-09,0,3.1126e-24,0,1.59887e-05,0,6.84773e-21,0,2.43739e-25,0,5.80851e-45,0,771.093,0,6082,0,1.44979e+14,0,62092.1,0,1.56294e+14,0,2.98519e+14,0,2.73523e+13,0,9.40881,0,7.83756,0,0.12981,0,6.84773e-21,0,4.5845e-15,0,0.101632,0,0.0703511,0
70,0.105,16384,0,2.28194e+15,0,1.61644e-08,0,2.41319e-08,0,2.41319e-08,0,4.33923,0,1.90155e-15,0,7.2676e-09,0,3.18483e-24,0,1.59887e-05,0,7.00662e-21,0,2.48943e-25,0,6.05322e-45,0,774.045,0,6083,0,1.44978e+14,0,63532.9,0,1.56295e+14,0,2.98533e+14,0,2.73352e+13,0,9.57959,0,7.84876,0,0.130459,0,7.00662e-21,0,4.50585e-15,0,0.103134,0,0.0703919,0
71,0.1065,16384,0,2.23603e+15,0,1.62658e-08,0,2.43665e-08,0,2.43665e-08,0,4.33047,0,1.93668e-15,0,7.26719e-09,0,3.25004e-24,0,1.59878e-05,0,7.15009e-21,0,2.53966e-25,0,6.28385e-45,0,775.653,0,6083,0,1.44977e+14,0,64836.8,0,1.56292e+14,0,2.98541e+14,0,2.73014e+13,0,9.72636,0,7.85816,0,0.129615,0,7.15009e-21,0,4.57687e-15,0,0.104636,0,0.0704112,0
72,0.108,16384,0,2.18959e+15,0,1.63745e-08,0,2.46211e-08,0,2.46211e-08,0,4.32327,0,1.97447e-15,0,7.267e-09,0,3.31889e-24,0,1.59874e-05,0,7.30155e-21,0,2.58981e-25,0,6.52451e-45,0,777.867,0,6083,0,1.44973e+14,0,66210.2,0,1.56287e+14,0,2.9856e+14,0,2.7277e+13,0,9.89038,0,7.86164,0,0.129221,0,7.30155e-21,0,4.34062e-15,0,0.10614,0,0.0704466,0
73,0.1095,16384,0,2.13438e+15,0,1.65286e-08,0,2.4964e-08,0,2.4964e-08,0,4.31465,0,2.0215e-15,0,7.26601e-09,0,3.40427e-24,0,1.59852e-05,0,7.48939e-21,0,2.63952e-25,0,6.75879e-45,0,783.248,0,6083,0,1.44958e+14,0,67915.9,0,1.56274e+14,0,2.98574e+14,0,2.7208e+13,0,10.0987,0,7.86969,0,0.128029,0,7.48939e-21,0,4.33128e-15,0,0.107649,0,0.0705206,0
74,0.111,16384,0,2.09358e+15,0,1.66348e-08,0,2.52019e-08,0,2.52019e-08,0,4.30603,0,2.05678e-15,0,7.26589e-09,0,3.47056e-24,0,1.5985e-05,0,7.63524e-21,0,2.68846e-25,0,7.0036e-45,0,785.388,0,6083,0,1.44959e+14,0,69239.8,0,1.56275e+14,0,2.98586e+14,0,2.71861e+13,0,10.2547,0,7.87433,0,0.128286,0,7.63524e-21,0,4.34477e-15,0,0.109151,0,0.0705441,0
75,0.1125,16384,0,2.05197e+15,0,1.6742e-08,0,2.5456e-08,0,2.5456e-08,0,4.2992,0,2.09516e-15,0,7.26574e-09,0,3.54087e-24,0,1.59846e-05,0,7.78992e-21,0,2.73831e-25,0,7.25448e-45,0,787.728,0,6083,0,1.44964e+14,0,70646.2,0,1.56279e+14,0,2.98582e+14,0,2.71718e+13,0,10.4164,0,7.8822,0,0.126158,0,7.78992e-21,0,4.19276e-15,0,0.110651,0,0.0705484,0
76,0.114,16384,0,2.01628e+15,0,1.68392e-08,0,2.56815e-08,0,2.56815e-08,0,4.29282,0,2.12907e-15,0,7.26547e-09,0,3.6034e-24,0,1.5984e-05,0,7.92747e-21,0,2.78318e-25,0,7.48375e-45,0,789.359,0,6083,0,1.44962e+14,0,71895.5,0,1.56277e+14,0,2.98594e+14,0,2.71427e+13,0,10.5567,0,7.89051,0,0.125587,0,7.92747e-21,0,4.26628e-15,0,0.112152,0,0.0705752,0
77,0.1155,16384,0,1.98583e+15,0,1.69161e-08,0,2.58646e-08,0,2.58646e-08,0,4.28615,0,2.15837e-15,0,7.26521e-09,0,3.65852e-24,0,1.59835e-05,0,8.04875e-21,0,2.82657e-25,0,7.71459e-45,0,790.397,0,6083,0,1.44963e+14,0,72998.8,0,1.56277e+14,0,2.98588e+14,0,2.71269e+13,0,10.6816,0,7.89309,0,0.125824,0,8.04875e-21,0,4.30341e-15,0,0.113653,0,0.0705935,0
78,0.117,16384,0,1.94593e+15,0,1.70349e-08,0,2.61383e-08,0,2.61383e-08,0,4.27914,0,2.19902e-15,0,7.26507e-09,0,3.73347e-24,0,1.59832e-05,0,8.21364e-21,0,2.87556e-25,0,7.97506e-45,0,793.743,0,6083,0,1.44959e+14,0,74493.5,0,1.56274e+14,0,2.98617e+14,0,2.70951e+13,0,10.861,0,7.89631,0,0.125837,0,8.21364e-21,0,3.97578e-15,0,0.115156,0,0.0706201,0
79,0.1185,16384,0,1.91732e+15,0,1.71101e-08,0,2.63155e-08,0,2.63155e-08,0,4.27194,0,2.22808e-15,0,7.26492e-09,0,3.7891e-24,0,1.59828e-05,0,8.33601e-21,0,2.92081e-25,0,8.22542e-45,0,795.401,0,6083,0,1.44961e+14,0,75606.1,0,1.56276e+14,0,2.98604e+14,0,2.70926e+13,0,10.9886,0,7.89829,0,0.126442,0,8.33601e-21,0,3.86719e-15,0,0.116657,0,0.0706487,0
80,0.12,16384,0,1.88441e+15,0,1.72e-08,0,2.65313e-08,0,2.65313e-08,0,4.26481,0,2.26321e-15,0,7.26509e-09,0,3.85537e-24,0,1.59832e-05,0,8.48181e-21,0,2.97205e-25,0,8.49849e-45,0,795.769,0,6083,0,1.4497e+14,0,76931.5,0,1.56283e+14,0,2.98605e+14,0,2.70922e+13,0,11.1482,0,7.9017,0,0.12703,0,8.48181e-21,0,3.86535e-15,0,0.118158,0,0.0706535,0
81,0.1215,16384,0,1.84949e+15,0,1.73149e-08,0,2.6796e-08,0,2.6796e-08,0,4.25904,0,2.30282e-15,0,7.26492e-09,0,3.92807e-24,0,1.59828e-05,0,8.64175e-21,0,3.01975e-25,0,8.76147e-45,0,798.131,0,6084,0,1.4497e+14,0,78384,0,1.56284e+14,0,2.986e+14,0,2.70821e+13,0,11.3216,0,7.90652,0,0.127395,0,8.64175e-21,0,3.95633e-15,0,0.11966,0,0.0706892,0
82,0.123,16384,0,1.80874e+15,0,1.74593e-08,0,2.71231e-08,0,2.71231e-08,0,4.25216,0,2.35089e-15,0,7.2648e-09,0,4.01649e-24,0,1.59826e-05,0,8.83628e-21,0,3.06902e-25,0,9.02518e-45,0,801.216,0,6084,0,1.4497e+14,0,80149.5,0,1.56285e+14,0,2.98605e+14,0,2.7067e+13,0,11.5358,0,7.91229,0,0.127971,0,8.83628e-21,0,3.93658e-15,0,0.121171,0,0.0707276,0
83,0.1245,16384,0,1.77459e+15,0,1.75794e-08,0,2.73954e-08,0,2.73954e-08,0,4.24463,0,2.3919e-15,0,7.26427e-09,0,4.0935e-24,0,1.59814e-05,0,9.0057e-21,0,3.11817e-25,0,9.31755e-45,0,804.542,0,6084,0,1.44966e+14,0,81689.8,0,1.56279e+14,0,2.98602e+14,0,2.70384e+13,0,11.7224,0,7.91419,0,0.127803,0,9.0057e-21,0,3.77593e-15,0,0.122673,0,0.0707578,0
84,0.126,16384,0,1.74028e+15,0,1.77016e-08,0,2.76803e-08,0,2.76803e-08,0,4.23819,0,2.43535e-15,0,7.26394e-09,0,4.174e-24,0,1.59807e-05,0,9.1828e-21,0,3.16643e-25,0,9.5882e-45,0,807.003,0,6084,0,1.44966e+14,0,83300,0,1.56279e+14,0,2.98598e+14,0,2.70164e+13,0,11.9176,0,7.92172,0,0.126885,0,9.1828e-21,0,3.78623e-15,0,0.124173,0,0.0707837,0
85,0.1275,16384,0,1.71184e+15,0,1.78024e-08,0,2.79186e-08,0,2.79186e-08,0,4.23239,0,2.47242e-15,0,7.26383e-09,0,4.24328e-24,0,1.59804e-05,0,9.33521e-21,0,3.21297e-25,0,9.87885e-45,0,808.565,0,6084,0,1.44967e+14,0,84684.6,0,1.56278e+14,0,2.98603e+14,0,2.70038e+13,0,12.0829,0,7.9279,0,0.125419,0,9.33521e-21,0,3.72059e-15,0,0.125677,0,0.0708021,0
86,0.129,16384,0,1.68636e+15,0,1.78911e-08,0,2.81279e-08,0,2.81279e-08,0,4.22644,0,2.50625e-15,0,7.26374e-09,0,4.30735e-24,0,1.59802e-05,0,9.47618e-21,0,3.25639e-25,0,1.01392e-44,0,810.338,0,6084,0,1.44971e+14,0,85967,0,1.56281e+14,0,2.98593e+14,0,2.70016e+13,0,12.2331,0,7.92971,0,0.125416,0,9.47618e-21,0,3.75536e-15,0,0.127178,0,0.0708166,0
87,0.1305,16384,0,1.65862e+15,0,1.79946e-08,0,2.837e-08,0,2.837e-08,0,4.22059,0,2.54464e-15,0,7.26347e-09,0,4.37922e-24,0,1.59796e-05,0,9.63428e-21,0,3.30402e-25,0,1.04433e-44,0,812.829,0,6084,0,1.44967e+14,0,87402.2,0,1.56279e+14,0,2.98611e+14,0,2.69679e+13,0,12.4074,0,7.93293,0,0.125609,0,9.63428e-21,0,3.66187e-15,0,0.128679,0,0.0708536,0
88,0.132,16384,0,1.63379e+15,0,1.80808e-08,0,2.85811e-08,0,2.85811e-08,0,4.21514,0,2.57998e-15,0,7.26323e-09,0,4.44564e-24,0,1.59791e-05,0,9.78041e-21,0,3.35338e-25,0,1.07544e-44,0,813.909,0,6085,0,1.44967e+14,0,88730.9,0,1.56278e+14,0,2.98599e+14,0,2.69616e+13,0,12.5626,0,7.93805,0,0.125105,0,9.78041e-21,0,3.6195e-15,0,0.130179,0,0.0708697,0
89,0.1335,16384,0,1.6053e+15,0,1.82015e-08,0,2.88563e-08,0,2.88563e-08,0,4.20857,0,2.62168e-15,0,7.26321e-09,0,4.52453e-24,0,1.59791e-05,0,9.95396e-21,0,3.39985e-25,0,1.10563e-44,0,816.084,0,6085,0,1.44969e+14,0,90306.8,0,1.5628e+14,0,2.98605e+14,0,2.69511e+13,0,12.752,0,7.94063,0,0.125327,0,9.95396e-21,0,3.59983e-15,0,0.131682,0,0.0708942,0
90,0.135,16384,0,1.57879e+15,0,1.83058e-08,0,2.91074e-08,0,2.91074e-08,0,4.20298,0,2.66215e-15,0,7.26305e-09,0,4.60038e-24,0,1.59787e-05,0,1.01208e-20,0,3.44568e-25,0,1.13396e-44,0,818.121,0,6085,0,1.44972e+14,0,91824.3,0,1.5628e+14,0,2.98601e+14,0,2.69422e+13,0,12.9388,0,7.94363,0,0.124782,0,1.01208e-20,0,3.58196e-15,0,0.133183,0,0.0709116,0
91,0.1365,16384,0,1.53197e+15,0,1.85941e-08,0,2.96905e-08,0,2.96905e-08,0,4.19591,0,2.7389e-15,0,7.26237e-09,0,4.74055e-24,0,1.59772e-05,0,1.04292e-20,0,3.49421e-25,0,1.16289e-44,0,830.067,0,6085,0,1.44962e+14,0,94624.4,0,1.56271e+14,0,2.98598e+14,0,2.69071e+13,0,13.2962,0,7.98687,0,0.125941,0,1.04292e-20,0,3.64405e-15,0,0.134798,0,0.070975,0
92,0.138,16384,0,1.50721e+15,0,1.87034e-08,0,2.99496e-08,0,2.99496e-08,0,4.19061,0,2.78037e-15,0,7.26205e-09,0,4.8182e-24,0,1.59765e-05,0,1.06e-20,0,3.54228e-25,0,1.19465e-44,0,833.264,0,6085,0,1.44956e+14,0,96174.6,0,1.56267e+14,0,2.98607e+14,0,2.68792e+13,0,13.485,0,7.9931,0,0.124675,0,1.06e-20,0,3.65821e-15,0,0.136302,0,0.0709996,0
93,0.1395,16384,0,1.48512e+15,0,1.8796e-08,0,3.01794e-08,0,3.01794e-08,0,4.1863,0,2.81883e-15,0,7.26188e-09,0,4.88976e-24,0,1.59761e-05,0,1.07575e-20,0,3.58667e-25,0,1.22265e-44,0,834.724,0,6085,0,1.44956e+14,0,97605.4,0,1.56268e+14,0,2.98605e+14,0,2.68676e+13,0,13.654,0,7.99891,0,0.123593,0,1.07575e-20,0,3.55073e-15,0,0.137804,0,0.0710032,0
94,0.141,16384,0,1.46055e+15,0,1.89282e-08,0,3.04668e-08,0,3.04668e-08,0,4.18104,0,2.86265e-15,0,7.26188e-09,0,4.97202e-24,0,1.59761e-05,0,1.09385e-20,0,3.63095e-25,0,1.25156e-44,0,838.565,0,6085,0,1.44958e+14,0,99248.8,0,1.5627e+14,0,2.98601e+14,0,2.68677e+13,0,13.8491,0,8.01988,0,0.123457,0,1.09385e-20,0,3.62832e-15,0,0.139343,0,0.0710429,0
95,0.1425,16384,0,1.43706e+15,0,1.90385e-08,0,3.07318e-08,0,3.07318e-08,0,4.17635,0,2.90619e-15,0,7.26164e-09,0,5.05314e-24,0,1.59756e-05,0,1.11169e-20,0,3.67815e-25,0,1.28135e-44,0,840.725,0,6085,0,1.44953e+14,0,100868,0,1.56266e+14,0,2.98616e+14,0,2.68415e+13,0,14.0405,0,8.02655,0,0.122689,0,1.11169e-20,0,3.56931e-15,0,0.140846,0,0.0710752,0
96,0.144,16384,0,1.41993e+15,0,1.91102e-08,0,3.09153e-08,0,3.09153e-08,0,4.173,0,2.93889e-15,0,7.26165e-09,0,5.11411e-24,0,1.59756e-05,0,1.1251e-20,0,3.72026e-25,0,1.30975e-44,0,842.751,0,6085,0,1.44953e+14,0,102085,0,1.56267e+14,0,2.98618e+14,0,2.68391e+13,0,14.176,0,8.03179,0,0.123091,0,1.1251e-20,0,3.547e-15,0,0.142348,0,0.0710784,0
97,0.1455,16384,0,1.40067e+15,0,1.92002e-08,0,3.11389e-08,0,3.11389e-08,0,4.16916,0,2.97655e-15,0,7.26153e-09,0,5.18434e-24,0,1.59754e-05,0,1.14055e-20,0,3.76245e-25,0,1.33689e-44,0,843.593,0,6085,0,1.44954e+14,0,103489,0,1.56266e+14,0,2.9862e+14,0,2.6829e+13,0,14.3384,0,8.03709,0,0.121657,0,1.14055e-20,0,3.49223e-15,0,0.143852,0,0.0710807,0
98,0.147,16384,0,1.37881e+15,0,1.93066e-08,0,3.14004e-08,0,3.14004e-08,0,4.16453,0,3.02038e-15,0,7.26117e-09,0,5.26625e-24,0,1.59746e-05,0,1.15858e-20,0,3.81479e-25,0,1.37493e-44,0,845.63,0,6085,0,1.44953e+14,0,105129,0,1.56263e+14,0,2.98616e+14,0,2.68084e+13,0,14.5295,0,8.0422,0,0.121461,0,1.15858e-20,0,3.49097e-15,0,0.145356,0,0.0711044,0
99,0.1485,16384,0,1.36036e+15,0,1.93877e-08,0,3.16107e-08,0,3.16107e-08,0,4.16039,0,3.0583e-15,0,7.26078e-09,0,5.33739e-24,0,1.59737e-05,0,1.17423e-20,0,3.86436e-25,0,1.40988e-44,0,846.87,0,6085,0,1.4495e+14,0,106553,0,1.5626e+14,0,2.98615e+14,0,2.67858e+13,0,14.6951,0,8.04766,0,0.120033,0,1.17423e-20,0,3.46098e-15,0,0.146857,0,0.0711043,0
100,0.15,16384,0,1.34311e+15,0,1.94696e-08,0,3.18149e-08,0,3.18149e-08,0,4.15593,0,3.09426e-15,0,7.26105e-09,0,5.40615e-24,0,1.59743e-05,0,1.18935e-20,0,3.90982e-25,0,1.44246e-44,0,848.196,0,6085,0,1.44955e+14,0,107925,0,1.56265e+14,0,2.98627e+14,0,2.67866e+13,0,14.8525,0,8.05193,0,0.119317,0,1.18935e-20,0,3.39191e-15,0,0.148359,0,0.0711089,0
101,0.158,16384,0,1.23743e+15,0,2.00706e-08,0,3.32837e-08,0,3.32837e-08,0,4.13282,0,3.33985e-15,0,7.25928e-09,0,5.86642e-24,0,1.59704e-05,0,1.29061e-20,0,4.16017e-25,0,1.62121e-44,0,858.184,0,6085,0,1.44949e+14,0,117137,0,1.56258e+14,0,2.98663e+14,0,2.66263e+13,0,15.9587,0,8.07656,0,0.113645,0,1.29061e-20,0,3.39996e-15,0,0.156381,0,0.071223,0
102,0.166,16384,0,1.15621e+15,0,2.05594e-08,0,3.45183e-08,0,3.45183e-08,0,4.11378,0,3.55798e-15,0,7.25839e-09,0,6.27773e-24,0,1.59685e-05,0,1.3811e-20,0,4.40509e-25,0,1.81057e-44,0,868.039,0,6085,0,1.44949e+14,0,125365,0,1.56259e+14,0,2.98733e+14,0,2.64888e+13,0,16.928,0,8.08246,0,0.11094,0,1.3811e-20,0,3.29297e-15,0,0.164397,0,0.0712778,0
103,0.174,16384,0,1.08745e+15,0,2.10115e-08,0,3.56571e-08,0,3.56571e-08,0,4.09468,0,3.76539e-15,0,7.25721e-09,0,6.67358e-24,0,1.59659e-05,0,1.46819e-20,0,4.64097e-25,0,2.0034e-44,0,873.337,0,6085,0,1.44945e+14,0,133289,0,1.56253e+14,0,2.98789e+14,0,2.63533e+13,0,17.8348,0,8.10028,0,0.109035,0,1.46819e-20,0,3.23338e-15,0,0.17241,0,0.0713378,0
104,0.182,16384,0,1.01212e+15,0,2.16203e-08,0,3.71645e-08,0,3.71645e-08,0,4.07737,0,4.02853e-15,0,7.25672e-09,0,7.1698e-24,0,1.59648e-05,0,1.57736e-20,0,4.88769e-25,0,2.21548e-44,0,884.548,0,6086,0,1.44945e+14,0,143209,0,1.56253e+14,0,2.98856e+14,0,2.62539e+13,0,19.0158,0,8.11714,0,0.105306,0,1.57736e-20,0,3.21692e-15,0,0.180437,0,0.0714648,0
105,0.19,16384,0,9.57567e+14,0,2.20384e-08,0,3.82664e-08,0,3.82664e-08,0,4.0617,0,4.24169e-15,0,7.25637e-09,0,7.57792e-24,0,1.5964e-05,0,1.66714e-20,0,5.13285e-25,0,2.43918e-44,0,888.406,0,6086,0,1.44944e+14,0,151368,0,1.56252e+14,0,2.98902e+14,0,2.61839e+13,0,19.9538,0,8.13836,0,0.101198,0,1.66714e-20,0,3.24726e-15,0,0.188446,0,0.0715003,0
106,0.198,16384,0,9.14608e+14,0,2.23695e-08,0,3.91699e-08,0,3.91699e-08,0,4.04912,0,4.42717e-15,0,7.2558e-09,0,7.93324e-24,0,1.59628e-05,0,1.74531e-20,0,5.35159e-25,0,2.63969e-44,0,892.211,0,6086,0,1.44946e+14,0,158479,0,1.56251e+14,0,2.98929e+14,0,2.61169e+13,0,20.7634,0,8.1503,0,0.0988539,0,1.74531e-20,0,3.19479e-15,0,0.196452,0,0.0715265,0
107,0.206,16384,0,8.66597e+14,0,2.28168e-08,0,4.03422e-08,0,4.03422e-08,0,4.03459,0,4.65567e-15,0,7.25567e-09,0,8.3726e-24,0,1.59625e-05,0,1.84197e-20,0,5.60256e-25,0,2.89556e-44,0,898.007,0,6086,0,1.44947e+14,0,167260,0,1.56254e+14,0,2.98995e+14,0,2.60397e+13,0,21.785,0,8.15603,0,0.0978201,0,1.84197e-20,0,3.21298e-15,0,0.204463,0,0.0715619,0
108,0.214,16384,0,8.30335e+14,0,2.31421e-08,0,4.12423e-08,0,4.12423e-08,0,4.02349,0,4.84562e-15,0,7.25553e-09,0,8.73807e-24,0,1.59622e-05,0,1.92238e-20,0,5.8248e-25,0,3.1258e-44,0,900.271,0,6086,0,1.44955e+14,0,174574,0,1.5626e+14,0,2.99021e+14,0,2.59933e+13,0,22.6149,0,8.16234,0,0.0973812,0,1.92238e-20,0,3.12039e-15,0,0.212468,0,0.0715842,0
109,0.222,16384,0,7.87136e+14,0,2.36388e-08,0,4.25454e-08,0,4.25454e-08,0,4.01238,0,5.09744e-15,0,7.25584e-09,0,9.21802e-24,0,1.59628e-05,0,2.02796e-20,0,6.05877e-25,0,3.37124e-44,0,906.766,0,6086,0,1.44966e+14,0,184169,0,1.56272e+14,0,2.99065e+14,0,2.59561e+13,0,23.7166,0,8.16503,0,0.0950783,0,2.02796e-20,0,3.16658e-15,0,0.220482,0,0.0716342,0
110,0.23,16384,0,7.52152e+14,0,2.40385e-08,0,4.3619e-08,0,4.3619e-08,0,4.00101,0,5.31942e-15,0,7.25562e-09,0,9.64649e-24,0,1.59624e-05,0,2.12223e-20,0,6.29269e-25,0,3.62888e-44,0,912.715,0,6086,0,1.44968e+14,0,192738,0,1.56274e+14,0,2.99103e+14,0,2.58996e+13,0,24.6809,0,8.17547,0,0.0942489,0,2.12223e-20,0,3.13506e-15,0,0.228492,0,0.0716859,0
111,0.238,16384,0,7.25732e+14,0,2.43203e-08,0,4.44137e-08,0,4.44137e-08,0,3.99085,0,5.49907e-15,0,7.25521e-09,0,9.99709e-24,0,1.59615e-05,0,2.19936e-20,0,6.49816e-25,0,3.85166e-44,0,913.585,0,6086,0,1.44973e+14,0,199761,0,1.56277e+14,0,2.9912e+14,0,2.58465e+13,0,25.454,0,8.18098,0,0.0944645,0,2.19936e-20,0,3.10985e-15,0,0.236497,0,0.0716999,0
112,0.246,16384,0,6.9409e+14,0,2.47544e-08,0,4.55628e-08,0,4.55628e-08,0,3.97984,0,5.7339e-15,0,7.25459e-09,0,1.04519e-23,0,1.59601e-05,0,2.29943e-20,0,6.72635e-25,0,4.12241e-44,0,922.091,0,6086,0,1.44968e+14,0,208861,0,1.56273e+14,0,2.99141e+14,0,2.57859e+13,0,26.4692,0,8.18132,0,0.0940495,0,2.29943e-20,0,3.14342e-15,0,0.244504,0,0.0717335,0
113,0.254,16384,0,6.66464e+14,0,2.51263e-08,0,4.65777e-08,0,4.65777e-08,0,3.96821,0,5.95412e-15,0,7.25418e-09,0,1.08846e-23,0,1.59592e-05,0,2.39461e-20,0,6.95158e-25,0,4.39237e-44,0,928.766,0,6086,0,1.44966e+14,0,217516,0,1.56272e+14,0,2.99162e+14,0,2.57362e+13,0,27.4411,0,8.18614,0,0.093004,0,2.39461e-20,0,3.12055e-15,0,0.252511,0,0.0717526,0
114,0.262,16384,0,6.41697e+14,0,2.54798e-08,0,4.75509e-08,0,4.75509e-08,0,3.95842,0,6.16867e-15,0,7.2539e-09,0,1.13042e-23,0,1.59586e-05,0,2.48693e-20,0,7.17416e-25,0,4.67582e-44,0,932.531,0,6086,0,1.44966e+14,0,225910,0,1.56271e+14,0,2.9918e+14,0,2.56996e+13,0,28.3716,0,8.19424,0,0.0925539,0,2.48693e-20,0,3.075e-15,0,0.260517,0,0.0717699,0
115,0.27,16384,0,6.19112e+14,0,2.58178e-08,0,4.85055e-08,0,4.85055e-08,0,3.95069,0,6.38121e-15,0,7.25364e-09,0,1.17162e-23,0,1.5958e-05,0,2.57756e-20,0,7.39062e-25,0,4.95648e-44,0,936.56,0,6086,0,1.44967e+14,0,234153,0,1.56272e+14,0,2.99203e+14,0,2.5656e+13,0,29.2925,0,8.18807,0,0.0917249,0,2.57756e-20,0,3.09104e-15,0,0.268524,0,0.071813,0
116,0.278,16384,0,6.02184e+14,0,2.60528e-08,0,4.92042e-08,0,4.92042e-08,0,3.94494,0,6.55105e-15,0,7.25356e-09,0,1.20454e-23,0,1.59578e-05,0,2.64999e-20,0,7.59848e-25,0,5.23587e-44,0,937.166,0,6086,0,1.44972e+14,0,240744,0,1.56278e+14,0,2.99219e+14,0,2.56258e+13,0,29.9935,0,8.20069,0,0.0887385,0,2.64999e-20,0,3.04615e-15,0,0.276528,0,0.0718217,0
117,0.286,16384,0,5.83308e+14,0,2.63534e-08,0,5.00593e-08,0,5.00593e-08,0,3.93705,0,6.74952e-15,0,7.253e-09,0,1.24342e-23,0,1.59566e-05,0,2.73553e-20,0,7.81024e-25,0,5.52661e-44,0,941.236,0,6086,0,1.44968e+14,0,248528,0,1.56273e+14,0,2.99231e+14,0,2.55772e+13,0,30.8439,0,8.21067,0,0.0863372,0,2.73553e-20,0,3.04788e-15,0,0.284533,0,0.071865,0
118,0.294,16384,0,5.64962e+14,0,2.66669e-08,0,5.09735e-08,0,5.09735e-08,0,3.93197,0,6.9597e-15,0,7.25259e-09,0,1.28373e-23,0,1.59557e-05,0,2.82421e-20,0,8.0153e-25,0,5.81309e-44,0,944.349,0,6086,0,1.44968e+14,0,256598,0,1.56273e+14,0,2.99227e+14,0,2.555e+13,0,31.697,0,8.21648,0,0.0849468,0,2.82421e-20,0,3.01475e-15,0,0.29254,0,0.0718946,0
119,0.302,16384,0,5.494e+14,0,2.69138e-08,0,5.17115e-08,0,5.17115e-08,0,3.92518,0,7.14448e-15,0,7.25259e-09,0,1.32009e-23,0,1.59557e-05,0,2.90421e-20,0,8.2345e-25,0,6.13376e-44,0,946.044,0,6086,0,1.44972e+14,0,263874,0,1.56276e+14,0,2.99252e+14,0,2.55206e+13,0,32.4865,0,8.22506,0,0.0846211,0,2.90421e-20,0,2.99494e-15,0,0.300545,0,0.0719027,0
120,0.31,16384,0,5.36056e+14,0,2.71509e-08,0,5.24167e-08,0,5.24167e-08,0,3.92126,0,7.31501e-15,0,7.25271e-09,0,1.35297e-23,0,1.5956e-05,0,2.97654e-20,0,8.4138e-25,0,6.39585e-44,0,948.263,0,6087,0,1.44977e+14,0,270450,0,1.56282e+14,0,2.99274e+14,0,2.54988e+13,0,33.1752,0,8.23671,0,0.0826914,0,2.97654e-20,0,2.99257e-15,0,0.308549,0,0.0719244,0
121,0.318,16384,0,5.19917e+14,0,2.74777e-08,0,5.33459e-08,0,5.33459e-08,0,3.91445,0,7.52899e-15,0,7.25233e-09,0,1.3949e-23,0,1.59551e-05,0,3.06878e-20,0,8.61387e-25,0,6.69425e-44,0,952.006,0,6087,0,1.44977e+14,0,278847,0,1.56282e+14,0,2.99279e+14,0,2.54646e+13,0,34.1027,0,8.23729,0,0.0800963,0,3.06878e-20,0,2.98578e-15,0,0.316559,0,0.0719412,0
122,0.326,16384,0,5.05625e+14,0,2.77606e-08,0,5.41707e-08,0,5.41707e-08,0,3.9081,0,7.72925e-15,0,7.2522e-09,0,1.43431e-23,0,1.59548e-05,0,3.15547e-20,0,8.81849e-25,0,7.00792e-44,0,955.641,0,6087,0,1.44981e+14,0,286737,0,1.56285e+14,0,2.99298e+14,0,2.54321e+13,0,34.9469,0,8.24,0,0.079245,0,3.15547e-20,0,3.01266e-15,0,0.324564,0,0.0719543,0
123,0.334,16384,0,4.92572e+14,0,2.80328e-08,0,5.49558e-08,0,5.49558e-08,0,3.90193,0,7.92155e-15,0,7.25165e-09,0,1.4722e-23,0,1.59536e-05,0,3.23884e-20,0,9.02224e-25,0,7.33738e-44,0,956.936,0,6087,0,1.44981e+14,0,294334,0,1.56284e+14,0,2.99298e+14,0,2.53917e+13,0,35.7836,0,8.24355,0,0.0791789,0,3.23884e-20,0,2.97323e-15,0,0.332567,0,0.0719869,0
124,0.342,16384,0,4.79113e+14,0,2.83189e-08,0,5.58076e-08,0,5.58076e-08,0,3.89661,0,8.13298e-15,0,7.25133e-09,0,1.51349e-23,0,1.59529e-05,0,3.32968e-20,0,9.22384e-25,0,7.64358e-44,0,959.632,0,6087,0,1.44984e+14,0,302609,0,1.56285e+14,0,2.993e+14,0,2.53632e+13,0,36.6837,0,8.24333,0,0.0788602,0,3.32968e-20,0,2.96721e-15,0,0.340571,0,0.0719985,0
125,0.35,16384,0,4.68604e+14,0,2.85238e-08,0,5.64484e-08,0,5.64484e-08,0,3.89208,0,8.30568e-15,0,7.25127e-09,0,1.54742e-23,0,1.59528e-05,0,3.40432e-20,0,9.42857e-25,0,7.9786e-44,0,960.294,0,6087,0,1.44988e+14,0,309405,0,1.56289e+14,0,2.99308e+14,0,2.53435e+13,0,37.4088,0,8.25194,0,0.0783195,0,3.40432e-20,0,2.94372e-15,0,0.348574,0,0.0720089,0
126,0.3725,16384,0,4.39436e+14,0,2.92209e-08,0,5.85215e-08,0,5.85215e-08,0,3.87999,0,8.82947e-15,0,7.25077e-09,0,1.65001e-23,0,1.59517e-05,0,3.63003e-20,0,9.95548e-25,0,8.89372e-44,0,966.334,0,6087,0,1.44989e+14,0,329943,0,1.5629e+14,0,2.99363e+14,0,2.52501e+13,0,39.5931,0,8.25872,0,0.0767899,0,3.63003e-20,0,2.9382e-15,0,0.371088,0,0.0720761,0
127,0.395,16384,0,4.14061e+14,0,2.98426e-08,0,6.0447e-08,0,6.0447e-08,0,3.86906,0,9.3442e-15,0,7.25039e-09,0,1.75105e-23,0,1.59509e-05,0,3.8523e-20,0,1.04966e-24,0,9.86079e-44,0,971.419,0,6087,0,1.44992e+14,0,350170,0,1.56293e+14,0,2.99421e+14,0,2.51628e+13,0,41.7404,0,8.26641,0,0.0754309,0,3.8523e-20,0,2.92748e-15,0,0.393598,0,0.0720995,0
128,0.4175,16384,0,3.91045e+14,0,3.04578e-08,0,6.23598e-08,0,6.23598e-08,0,3.85726,0,9.86398e-15,0,7.25007e-09,0,1.85403e-23,0,1.59502e-05,0,4.07886e-20,0,1.10413e-24,0,1.08889e-43,0,978.835,0,6087,0,1.4499e+14,0,370776,0,1.56293e+14,0,2.99481e+14,0,2.50811e+13,0,43.9193,0,8.27573,0,0.0735712,0,4.07886e-20,0,2.91244e-15,0,0.416109,0,0.0721298,0
129,0.44,16384,0,3.70927e+14,0,3.10277e-08,0,6.41561e-08,0,6.41561e-08,0,3.84655,0,1.03701e-14,0,7.24922e-09,0,1.95435e-23,0,1.59483e-05,0,4.29957e-20,0,1.15722e-24,0,1.18981e-43,0,979.703,0,6087,0,1.44987e+14,0,390877,0,1.5629e+14,0,2.99515e+14,0,2.49882e+13,0,46.075,0,8.27638,0,0.0725987,0,4.29957e-20,0,2.89334e-15,0,0.438618,0,0.0721738,0
130,0.4625,16384,0,3.55226e+14,0,3.14705e-08,0,6.5595e-08,0,6.5595e-08,0,3.83652,0,1.08002e-14,0,7.24841e-09,0,2.04051e-23,0,1.59465e-05,0,4.48912e-20,0,1.21093e-24,0,1.30425e-43,0,981.433,0,6087,0,1.44983e+14,0,408145,0,1.56287e+14,0,2.99538e+14,0,2.49082e+13,0,47.8284,0,8.28382,0,0.0713769,0,4.48912e-20,0,2.87882e-15,0,0.461126,0,0.0721892,0
131,0.485,16384,0,3.37373e+14,0,3.20782e-08,0,6.75139e-08,0,6.75139e-08,0,3.82745,0,1.13448e-14,0,7.248e-09,0,2.14836e-23,0,1.59456e-05,0,4.72639e-20,0,1.26311e-24,0,1.41471e-43,0,982.14,0,6087,0,1.44983e+14,0,429740,0,1.56287e+14,0,2.99583e+14,0,2.48336e+13,0,50.0996,0,8.2891,0,0.0697272,0,4.72639e-20,0,2.89115e-15,0,0.483633,0,0.072218,0
132,0.5075,16384,0,3.22783e+14,0,3.25782e-08,0,6.9136e-08,0,6.9136e-08,0,3.81862,0,1.18303e-14,0,7.2472e-09,0,2.24523e-23,0,1.59438e-05,0,4.9395e-20,0,1.31306e-24,0,1.52483e-43,0,982.699,0,6087,0,1.4498e+14,0,449157,0,1.56283e+14,0,2.99604e+14,0,2.47577e+13,0,52.12,0,8.29032,0,0.0692456,0,4.9395e-20,0,2.86872e-15,0,0.506141,0,0.0722368,0
133,0.53,16384,0,3.09455e+14,0,3.30636e-08,0,7.07376e-08,0,7.07376e-08,0,3.81088,0,1.23148e-14,0,7.24668e-09,0,2.34175e-23,0,1.59427e-05,0,5.15186e-20,0,1.36468e-24,0,1.64895e-43,0,982.735,0,6087,0,1.44979e+14,0,468496,0,1.56282e+14,0,2.99637e+14,0,2.46873e+13,0,54.0923,0,8.29285,0,0.0683968,0,5.15186e-20,0,2.87648e-15,0,0.528647,0,0.0722565,0
134,0.5525,16384,0,2.9907e+14,0,3.34326e-08,0,7.19965e-08,0,7.19965e-08,0,3.805,0,1.27228e-14,0,7.2464e-09,0,2.42298e-23,0,1.59421e-05,0,5.33056e-20,0,1.41469e-24,0,1.77396e-43,0,983.09,0,6087,0,1.44982e+14,0,484777,0,1.56285e+14,0,2.99668e+14,0,2.46319e+13,0,55.7308,0,8.29468,0,0.0680151,0,5.33056e-20,0,2.84486e-15,0,0.551152,0,0.0722673,0
135,0.575,16384,0,2.8984e+14,0,3.3782e-08,0,7.31846e-08,0,7.31846e-08,0,3.79926,0,1.31081e-14,0,7.24602e-09,0,2.50001e-23,0,1.59412e-05,0,5.50002e-20,0,1.4592e-24,0,1.88799e-43,0,984.381,0,6087,0,1.4498e+14,0,500207,0,1.56284e+14,0,2.99694e+14,0,2.45801e+13,0,57.2592,0,8.30456,0,0.0675405,0,5.50002e-20,0,2.83613e-15,0,0.573656,0,0.0722797,0
136,0.5975,16384,0,2.80383e+14,0,3.4171e-08,0,7.44915e-08,0,7.44915e-08,0,3.79289,0,1.35275e-14,0,7.24593e-09,0,2.5843e-23,0,1.59411e-05,0,5.68545e-20,0,1.50658e-24,0,2.01733e-43,0,985.425,0,6087,0,1.44984e+14,0,517091,0,1.56287e+14,0,2.99729e+14,0,2.45343e+13,0,58.9776,0,8.30342,0,0.0671616,0,5.68545e-20,0,2.8171e-15,0,0.59616,0,0.0722924,0
137,0.62,16384,0,2.69753e+14,0,3.4674e-08,0,7.61322e-08,0,7.61322e-08,0,3.78558,0,1.40335e-14,0,7.24581e-09,0,2.68609e-23,0,1.59408e-05,0,5.9094e-20,0,1.55508e-24,0,2.14587e-43,0,986.037,0,6087,0,1.44988e+14,0,537485,0,1.56292e+14,0,2.99756e+14,0,2.44915e+13,0,61.0542,0,8.31656,0,0.0659627,0,5.9094e-20,0,2.82535e-15,0,0.618666,0,0.0723126,0
138,0.6425,16384,0,2.61464e+14,0,3.50446e-08,0,7.7407e-08,0,7.7407e-08,0,3.78009,0,1.44574e-14,0,7.2456e-09,0,2.77116e-23,0,1.59403e-05,0,6.09656e-20,0,1.60231e-24,0,2.27332e-43,0,986.331,0,6087,0,1.4499e+14,0,554531,0,1.56295e+14,0,2.99777e+14,0,2.44514e+13,0,62.7479,0,8.32491,0,0.0648034,0,6.09656e-20,0,2.82564e-15,0,0.641171,0,0.0723232,0
139,0.665,16384,0,2.52964e+14,0,3.54676e-08,0,7.88732e-08,0,7.88732e-08,0,3.77707,0,1.49312e-14,0,7.24526e-09,0,2.86414e-23,0,1.59396e-05,0,6.30111e-20,0,1.64938e-24,0,2.41027e-43,0,987.266,0,6087,0,1.44991e+14,0,573167,0,1.56295e+14,0,2.99797e+14,0,2.4406e+13,0,64.62,0,8.32925,0,0.0636076,0,6.30111e-20,0,2.8136e-15,0,0.663676,0,0.0723336,0
140,0.6875,16384,0,2.46642e+14,0,3.57711e-08,0,7.99755e-08,0,7.99755e-08,0,3.77519,0,1.53063e-14,0,7.24478e-09,0,2.93736e-23,0,1.59385e-05,0,6.4622e-20,0,1.68973e-24,0,2.53317e-43,0,989.152,0,6087,0,1.44991e+14,0,587858,0,1.56293e+14,0,2.99815e+14,0,2.43532e+13,0,66.0206,0,8.34107,0,0.0623778,0,6.4622e-20,0,2.76757e-15,0,0.68618,0,0.0723402,0
141,0.71,16384,0,2.38526e+14,0,3.62079e-08,0,8.14887e-08,0,8.14887e-08,0,3.77055,0,1.58077e-14,0,7.24426e-09,0,3.03709e-23,0,1.59374e-05,0,6.68159e-20,0,1.73752e-24,0,2.67144e-43,0,989.919,0,6087,0,1.44989e+14,0,607853,0,1.56292e+14,0,2.99827e+14,0,2.43043e+13,0,68.0445,0,8.34724,0,0.0613541,0,6.68159e-20,0,2.78079e-15,0,0.708685,0,0.0723526,0
142,0.7325,16384,0,2.31433e+14,0,3.65967e-08,0,8.28848e-08,0,8.28848e-08,0,3.76794,0,1.62809e-14,0,7.244e-09,0,3.13007e-23,0,1.59368e-05,0,6.88615e-20,0,1.78248e-24,0,2.80986e-43,0,992.311,0,6087,0,1.4499e+14,0,626487,0,1.56292e+14,0,2.99849e+14,0,2.42627e+13,0,69.8981,0,8.35077,0,0.0604925,0,6.88615e-20,0,2.78415e-15,0,0.73119,0,0.072362,0
143,0.755,16384,0,2.25158e+14,0,3.69654e-08,0,8.41716e-08,0,8.41716e-08,0,3.7642,0,1.6718e-14,0,7.24361e-09,0,3.21712e-23,0,1.5936e-05,0,7.07767e-20,0,1.82713e-24,0,2.95505e-43,0,992.194,0,6088,0,1.44989e+14,0,643944,0,1.56291e+14,0,2.99865e+14,0,2.4219e+13,0,71.6272,0,8.3519,0,0.0598273,0,7.07767e-20,0,2.79102e-15,0,0.753694,0,0.072372,0
144,0.7775,16384,0,2.18548e+14,0,3.73901e-08,0,8.56233e-08,0,8.56233e-08,0,3.75994,0,1.72042e-14,0,7.24346e-09,0,3.31435e-23,0,1.59356e-05,0,7.29157e-20,0,1.87613e-24,0,3.11983e-43,0,997.356,0,6089,0,1.4499e+14,0,663423,0,1.56293e+14,0,2.99882e+14,0,2.41877e+13,0,73.5828,0,8.34851,0,0.0595566,0,7.29157e-20,0,2.79554e-15,0,0.776201,0,0.0723897,0
145,0.8,16384,0,2.13255e+14,0,3.77165e-08,0,8.67898e-08,0,8.67898e-08,0,3.75647,0,1.76149e-14,0,7.24316e-09,0,3.39648e-23,0,1.59349e-05,0,7.47225e-20,0,1.9175e-24,0,3.26077e-43,0,997.175,0,6089,0,1.4499e+14,0,679891,0,1.56294e+14,0,2.99896e+14,0,2.41502e+13,0,75.1856,0,8.35216,0,0.0591546,0,7.47225e-20,0,2.79844e-15,0,0.798704,0,0.0723978,0